strong	incil	motif	SBLGNT:Rev.14.12	faith, obedience, endurance	The commentary's exception joins belief, righteous deeds, and mutual exhortation to patience; Revelation calls the endurance of the saints those who keep God's commands and faith in Jesus. It brings the same cluster of fidelity and perseverance into an apocalyptic community.
strong	incil	motif	SBLGNT:1Thess.5.14	patience with the weak	The commentary makes sabr something believers enjoin on one another; Paul tells the congregation to encourage the fainthearted, help the weak, and be patient with everyone. Its context makes patience a shared practice toward vulnerable people.
strong	incil	motif	SBLGNT:Gal.6.9	doing good and not tiring	The commentary pairs righteous action with reciprocal counsel to patience; Paul joins not growing weary in doing good with the promise of harvest for those who do not give up. The link makes ethical work a practice sustained through waiting.
strong	incil	motif	SBLGNT:Heb.10.25	mutual encouragement as the Day approaches	The commentary's repeated tawāṣaw is reciprocal counsel; Hebrews tells believers to encourage one another, increasingly as they see the Day approaching. It locates mutual support inside an expectation that calls for endurance.
strong	tevrat	motif	WLC:Prov.16.32	rule of spirit over conquest	The commentary glosses sabr as holding oneself back from panic; Proverbs ranks slowness to anger above military might and ruling one's spirit above capturing a city. It makes self-restraint a form of strength rather than domination.
strong	tevrat	motif	WLC:Prov.25.28	self-control as a wall	The commentary contrasts the self-held person with the person held by others; Proverbs likens a person without self-control to a breached city without walls. The image makes restraint protection against becoming capturable.
strong	tevrat	motif	WLC:Prov.29.11	venting versus holding back	The commentary's B001 gloss says sabr holds the self back from panic or outcry; Proverbs contrasts a fool who vents his whole spirit with a wise person who stills it. This is a direct wisdom parallel for keeping an impulse from spilling out.
strong	tevrat	yorum_gelenegi	Mishnah Avot 4:1	subduing one's inclination	The commentary presents sabr as self-restraint; Ben Zoma interprets Proverbs' ruler of his spirit as the truly mighty person who subdues his inclination. This Jewish reading turns the proverb's city-conquest comparison into inward mastery.
strong	tevrat	motif	WLC:Prov.11.24	withholding and poverty	The commentary calls the withholding hand miserly and cites the human who holds back from spending; Proverbs says one who withholds what should be given comes to want. It makes retention itself a path into the loss the surah announces.
strong	incil	motif	SBLGNT:Luke.12.20	stored harvest and life demanded	The commentary joins the withholding of wealth to the soul pledged for what it earns; in Jesus' parable the rich fool enlarges his barns, then has his life demanded that night. The verse makes material accumulation unable to retain life.
strong	incil	motif	SBLGNT:Heb.2.15	enslavement to fear of death	The commentary calls the human captive to death; Hebrews says people are held in lifelong slavery through fear of death, and its surrounding argument presents Christ as liberator. This supplies a Christian account of death as captivity rather than only an individual fate.
strong	tevrat	motif	WLC:Isa.53.7	held for slaughter, silent under oppression	The commentary's B002 gloss describes the one held for death; Isaiah's servant is oppressed and led like a lamb to slaughter, yet does not open his mouth. The verse brings external restraint and inward silence together in one figure.
strong	incil	motif	SBLGNT:1Pet.2.23	no threat while suffering	The commentary sets the person held for killing beside the one who holds himself back; Peter says Christ did not retaliate or threaten when suffering, but entrusted himself to the just judge. It reads restraint under injustice as chosen trust rather than mere helplessness.
strong	incil	motif	SBLGNT:Matt.27.2	bound and delivered to the governor	The commentary's B002 gloss is a person detained for death; Matthew says the leaders bound Jesus and delivered him to Pilate, leading into the execution narrative. This gives the passive, externally held figure a concrete Passion setting.
strong	tevrat	motif	WLC:Gen.22.9	binding before a near-sacrifice	The commentary describes al-maṣbūra as one kept for death; in the Aqedah Abraham binds Isaac and places him on the altar before the killing is stopped. The scene gives a specific near-sacrifice example while preserving the difference that Isaac is spared.
strong	tevrat	yorum_gelenegi	Genesis Rabbah 56:8	Isaac's willing binding	The commentary's B002 image is a person bound for killing; Genesis Rabbah has Isaac ask to be bound securely so that he will not flinch and invalidate the offering. The midrash makes external restraint also an act of the victim's self-control.
strong	tevrat	motif	WLC:Jon.2.3	Jonah's distress-call	The commentary cites Jonah as the prophet who called out while constricted and warns against his response; WLC Jonah records his prayer beginning with a call from distress in the fish, followed by God's answer. The shared scene exposes the difference between a distress-call and the commentary's demand to wait.
strong	tevrat	motif	WLC:Job.2.10	receiving adversity without speech against God	The commentary glosses sabr as holding oneself back from panic or lament; after Job's losses he refuses his wife's counsel to curse God and does not sin with his lips. Job supplies a concrete response to calamity through restrained speech.
strong	tevrat	motif	WLC:Ps.33.18	the eye of God on those who wait	The commentary quotes the prophet told to be patient because he is in God's eyes; this psalm places the LORD's eye on those who hope in his steadfast love. It joins waiting with being watched, rather than leaving patience as an unseen private effort.
strong	tevrat	motif	WLC:Ps.130.5	waiting in the divine word	The commentary explains sabr as waiting for the Lord's decree; the psalmist waits for the LORD and hopes in his word. It gives the waiting stance a textual object and a first-person prayer form.
strong	incil	motif	SBLGNT:Jas.5.7	the patient farmer awaiting harvest	The commentary's waiting sabr looks toward the Lord's judgment; James compares it with a farmer patiently awaiting the precious crop through the early and late rains. The agrarian image makes delay a season that must be borne.
strong	tevrat	motif	WLC:Esth.4.16	communal fast before a risk of death	The commentary's B015 gloss calls fasting a form of self-restraint; Esther asks the Jews to fast for three days before she approaches the king despite the death penalty. The fast becomes communal preparation and solidarity before a lethal risk.
strong	tevrat	yorum_gelenegi	Mishnah Yoma 8:1	fasting given bodily prohibitions	The commentary equates fasting with self-restraint; the Mishnah specifies Yom Kippur's abstentions, including eating and drinking. It gives the Torah's self-affliction a concrete ritual practice and limits what the word alone states.
strong	tevrat	motif	WLC:Isa.58.6	fasting as releasing others	The commentary calls fasting restraint of one's own self; Isaiah says the fast God chooses loosens wicked bonds and frees the oppressed. The prophetic text redirects attention from self-denial toward releasing people held by others.
strong	tevrat	motif	WLC:Isa.58.7	fasting as opening the hand	The commentary describes the miserly hand withholding wealth and grain; Isaiah's fast includes sharing bread with the hungry and bringing the homeless poor into one's house. It turns restraint from consumption into generosity toward others.
strong	incil	motif	SBLGNT:Matt.4.2	Jesus' voluntary fast	The commentary's B015 gloss treats fasting as one form of self-restraint; Matthew says Jesus fasts forty days and nights and becomes hungry. This gives the restraint a sustained Christian practice in a wilderness testing scene.
strong	tevrat	motif	WLC:Dan.3.18	fidelity despite the fiery threat	The commentary's B013 gloss reads sabr as daring toward Fire, sarcastically of those choosing error; Daniel's three Judeans refuse the king's image even if God does not rescue them from the furnace. Their courage is fidelity under threat, a pointed contrast to defiant indifference toward punishment.
strong	tevrat	motif	WLC:Dan.3.21	bound and thrown into the furnace	The commentary describes the person held for death and also develops courage toward fire; Daniel says the youths are bound and cast into the furnace, but later appear unbound. The narrative combines captors' restraint and fiery danger while reversing the expected death.
strong	tevrat	motif	Sirach 2:5	gold tested in fire	The commentary's B013 gloss develops audacity toward Fire; Sirach says gold is tested by fire and acceptable people by the furnace of humiliation. It changes fire from final punishment to a trial that discloses steadfastness.
strong	incil	motif	Martyrdom of Polycarp 11:2	the martyr's answer to a threat of fire	The commentary's B013 gloss hears boldness toward Fire; Polycarp tells the proconsul that a brief earthly fire is less than the coming judgment and invites him to proceed. The Christian martyr text makes that boldness a refusal to abandon Christ under execution.
strong	tevrat	motif	2 Maccabees 7:21	a mother encourages the condemned	The commentary makes mutual counsel to patience part of the exception from loss; the mother in 2 Maccabees encourages each son as they face execution for refusing forbidden food. Her words make steadfastness communal under coercion and orient it toward resurrection hope.
strong	tevrat	motif	4 Maccabees 1:1	reason governing the passions	The commentary's B001 gloss is holding the self back from panic; 4 Maccabees opens by asking whether devout reason rules the passions. Its philosophical frame makes self-restraint the governing question for the martyr stories that follow.
strong	tevrat	motif	Wisdom 2:20	righteous person condemned to death	The commentary's B002 gloss describes a person held for death; Wisdom says the ungodly plot to condemn the righteous person to a shameful death because his life differs from theirs. It makes the held victim's righteousness, rather than guilt, the occasion for the sentence.
medium	incil	yorum_gelenegi	SBLGNT:Jas.5.11	Job's endurance and the Lord's outcome	The commentary treats patience as waiting for God's judgment; James names Job's endurance and points readers to the Lord's compassionate purpose. This Christian reading makes Job's suffering a model of endurance whose outcome rests with God.
medium	incil	motif	SBLGNT:Heb.10.36	endurance before receiving the promise	The commentary calls sabr waiting for the Lord's judgment; Hebrews says endurance is needed after doing God's will in order to receive what was promised. It connects patience to a delayed divine outcome, not passive time alone.
medium	tevrat	soydas	WLC:Ps.90.4	Arabic ء ن س and Hebrew אנש; table correspondence, BDB notes Arabic	The commentary explicitly labels al-insān with Arabic root ء ن س and reads the human as death-bound; Hebrew אֱנוֹשׁ in this verse is returned to dust. The table treats אנש as a regular sound correspondence and notes BDB's Arabic cognate, giving the human term a specifically mortal setting.
medium	tevrat	soydas	WLC:Dan.7.13	Arabic ء ن س and Aramaic אנש; table sound correspondence	The commentary labels al-insān with root ء ن س as the human held for death; Aramaic bar ʾĕnāš in Daniel's vision is brought before the Ancient of Days and receives dominion. The table's sound candidate connects the human designation to an apocalyptic reversal, without proving cognacy.
medium	incil	motif	SBLGNT:Acts.8.32	Isaiah's silent servant read aloud	The commentary's image joins a person held for slaughter to self-restraint; Acts quotes Isaiah's lamb led to slaughter and silent before its shearer. The quotation carries that double image into a Christian scene of scriptural reading; Philip's interpretation is stated separately in Acts 8:35.
medium	incil	yorum_gelenegi	SBLGNT:Acts.8.35	the servant interpreted as good news about Jesus	The commentary fuses being held with holding oneself back; Philip begins from the Isaiah passage and proclaims Jesus. This New Testament interpretation makes the silent, slaughtered servant a Passion reading, extending the connection beyond the quotation in Acts 8:32.
medium	tevrat	motif	WLC:2Chr.18.15	compelling a prophet to swear truthfully	The commentary's B002 source gloss gives ṣabartu yamīnahu as making someone swear; Ahab asks how often he must adjure Micaiah to speak only truth in YHWH's name. This is a direct coercive-oath scene, unlike the surah's mutual counsel to truth.
medium	incil	motif	SBLGNT:Matt.26.63	adjuration at Jesus' hearing	The commentary's B002 gloss includes compelling someone by an oath; the high priest adjures detained Jesus by the living God to say whether he is the Messiah. Matthew's detail is an oath-bound demand for testimony, though Jesus is adjured to answer rather than made to swear an oath himself.
medium	tevrat	motif	WLC:1Sam.14.24	an imposed oath	The commentary's B002 lexicographic example describes making another swear; Saul puts the troops under a curse-oath not to eat until evening. The scene makes restraint externally imposed and bodily costly rather than chosen self-discipline.
medium	tevrat	motif	WLC:1Sam.14.24	food abstention under compulsion	The commentary's B015 source identifies fasting as a type of sabr because the self abstains; Saul's oath forces the troops to refrain from food until evening. The shared abstention sharpens the difference between a chosen fast and another person's command.
medium	tevrat	motif	WLC:Lev.16.29	ritual self-affliction	The commentary's B015 source connects fasting with holding oneself back; Leviticus commands the community to afflict itself on the Day of Atonement and cease work. It places bodily restraint within a collective ritual; the verse itself says self-affliction rather than explicitly naming a fast.
medium	incil	motif	SBLGNT:1Pet.1.7	faith tested like gold in fire	The commentary cites the audacious patience of the condemned toward Fire; Peter compares tested faith to gold refined through fire. The shared fire image shifts from punishment to a process that proves faith under trial.
medium	tevrat	motif	Sirach 4:28	standing for truth to death	The commentary has believers mutually enjoin truth and patience; Sirach urges striving for truth even to death and says God will fight for the faithful. It makes the cost of holding to truth explicit and joins it to trust in divine vindication.
medium	tevrat	motif	Sirach 18:30	restraining appetite	The commentary's B001 gloss explains sabr as holding the self back; Sirach tells the reader not to follow base desires but to restrain appetites. This gives the inward act a concrete ethical object beyond merely waiting.
medium	incil	motif	SBLGNT:Luke.15.12	the father releases the son's property	The commentary's B006 source gives a father withholding his child's property; the younger son asks for his share and the father divides his property between the sons. The reversed transfer makes the parent-child relation a specific counterexample to retention, though the parable develops a different issue.
medium	tevrat	motif	WLC:Wisd.3.1	the righteous held in God's hand	The commentary cites the soul as pledged for what it earns; Wisdom says the souls of the righteous are in God's hand and no torment touches them. It turns being held from punitive custody into protection, qualifying a simple reading of captivity.
medium	incil	motif	SBLGNT:Luke.12.20	stored grain cannot secure the soul	The commentary's B010 source describes grain guarded in its husk, and its B006 image is wealth held back; Jesus' rich fool stores abundant produce but is told his life is required that night. The parable contrasts preserved goods with a life that cannot be kept.
medium	incil	motif	SBLGNT:John.12.24	grain must die to bear fruit	The commentary's B010 source presents grain kept safe in its husk; Jesus' grain of wheat remains alone unless it falls into the earth and dies, then bears much fruit. The image offers a contrary valuation of preservation: fruitful life requires surrender rather than enclosure.
medium	tevrat	motif	WLC:Isa.66.24	unquenched fire and the fate of rebels	The commentary cites the question of how daring people are toward Fire as a warning about punishment; Isaiah ends with observers seeing the corpses of rebels where the worm does not die and the fire is not quenched. It specifies the irreversible judgment behind the fire image.
weak	tevrat	motif	WLC:Job.13.15	hope under threat, with a textual split	The commentary treats sabr as waiting for God's judgment; Job speaks under threat of being killed, but WLC's ketiv לֹא reads no hope while its qere לוֹ supports hoping in God. The verse holds protest and patient trust together without resolving the textual alternative.
weak	tevrat	motif	WLC:Lev.15.19	menstrual separation, with a difference	The commentary's B009 source gloss calls a young woman held at home at first menses; Leviticus gives a menstruating woman seven days of impurity and rules for contact, but does not say she is confined indoors. It is a concrete ritual frame for bodily separation, not evidence of the same social practice.
weak	tevrat	soydas	WLC:Gen.20.18	Arabic ع ص ر and Hebrew עצר; table sound candidate only	The commentary labels al-ʿaṣr B006 as restraint and al-muʿṣir B009 as a girl held indoors; Hebrew עצר here says God closed every womb in Abimelech's house. The table's sound correspondence supplies a bodily restraint comparison, but this is reproductive stoppage, not menstrual confinement.
weak	tevrat	soydas	WLC:Gen.41.49	Arabic ص ب ر and Hebrew צבר; table sound candidate only	The commentary labels ṣabr B001 as self-restraint and separately describes grain kept in its husk as ʿaṣr B010; Hebrew צבר here is Joseph piling up grain for famine stores. Accumulation is a specific neighboring sense of retaining grain, though Joseph's public reserve differs from miserly withholding and cognacy is unverified.
