strong	tevrat	motif	WLC:Exod.17.12	Two-sided support	When Moses' hands grow heavy, Aaron and Hur seat him and hold them up, one on each side, until sunset; the commentary's exhausted walker is likewise sustained between companions, making dependence a shared act.
strong	tevrat	motif	WLC:1Kgs.19.7	A journey too great	An angel returns, touches Elijah, and tells him to rise and eat because the journey is too much for him; this verse recognizes dependence before onward travel, matching the commentary's need for aid.
strong	tevrat	motif	WLC:1Kgs.19.8	Strength to continue	After eating, Elijah rises and travels forty days in the strength of that food; this gives a concrete result for the aid sought by the commentary's weakened traveler: renewed ability to walk onward.
strong	tevrat	motif	WLC:Deut.1.31	Carried on the journey	Moses recalls that YHWH carried Israel through the wilderness as a man carries his son; the traveling people depend on support through the whole route, extending the commentary's individual image to a community.
strong	tevrat	soydas	WLC:Job.4.4	ק־ו־ם, raising the one who stumbles	The source commentary labels Arabic ق و م (q-w-m) for stopping and standing upright; Job's Hebrew יְקִימוּן (yəqîmûn, from קום) says Job's words used to raise a stumbling person and strengthen weak knees, a cognate use that restores rather than halts movement.
strong	tevrat	motif	WLC:Eccl.4.10	A companion lifts the fallen	The verse says that if one falls, the other can raise his companion; it makes explicit the human help implicit in the commentary's walker leaning on two people.
strong	tevrat	motif	WLC:Ps.40.3	Feet made secure	The speaker is drawn from a pit and mire, set on rock, and given firm steps; the rescue turns being stuck into supported movement, like the commentary's stopped mount and restored walker.
strong	tevrat	motif	WLC:Ps.37.25	Held by the hand	Even when the righteous person falls, he is not cast down because YHWH holds his hand; this directly pictures the support that keeps a weak walker from collapsing.
strong	tevrat	motif	WLC:Ps.94.18	A slipping foot supported	The speaker says that when his foot was slipping, YHWH's steadfast love supported him; the same bodily danger and sustaining aid appear in the commentary's stumbling traveler.
strong	tevrat	motif	WLC:Ps.145.15	The falling and the bent	YHWH supports all who fall and straightens all who are bowed down; the verse joins the commentary's two bodily states, loss of footing and needing to be brought upright.
strong	tevrat	motif	WLC:Ps.107.6	Travelers cry for help	Wilderness wanderers cry to YHWH in distress and he rescues them; the surrounding scene is people lost, hungry, and thirsty, so this is a specific travel crisis answered by the aid the commentary says a traveler needs.
strong	tevrat	motif	WLC:Ps.107.7	Led on a straight road	YHWH leads the rescued group by a straight way to an inhabited city; it unites the commentary's request for help with its request to be guided along a straight path.
strong	tevrat	motif	WLC:Ps.23.4	Guidance along a path	The shepherd leads the speaker in paths of righteousness; this is a prayerful image of being guided along a good way, adding the relation of trust between guide and dependent traveler.
strong	tevrat	motif	WLC:Ps.23.5	A staff that comforts	As the speaker walks through a dark valley, the shepherd's rod and staff comfort him; a tangible support accompanies the walk, complementing the commentary's image of a body steadied by others.
strong	tevrat	motif	WLC:Ps.121.3	The source of help	The pilgrim answers that his help comes from YHWH, maker of heaven and earth; this gives a concrete divine answer to the commentary's question of what a dependent traveler can rely on.
strong	tevrat	motif	WLC:Jer.31.9	A straight road without stumbling	YHWH leads returning Israelites to streams of water by a straight road on which they will not stumble; the promised route closely joins guidance, sustenance, and secure walking as in the commentary.
strong	tevrat	motif	WLC:Isa.35.3	Weak hands and knees strengthened	The prophet tells the community to strengthen slack hands and make firm weak knees; this names the bodily weakness that the commentary gives to its traveler before he can walk uprightly.
strong	tevrat	motif	WLC:Isa.35.4	Words that steady the fearful	The community is told to speak courage to fearful hearts because God comes to save; alongside the commentary's physical supports, this shows encouragement as aid to the weak.
strong	tevrat	motif	WLC:Isa.35.6	The lame walk again	The lame leap like a deer when the wilderness blossoms; this turns the commentary's halted, exhausted movement into restored mobility.
strong	tevrat	motif	WLC:Isa.42.16	God leads on an unknown road	YHWH promises to lead the blind by roads they have not known, make rough places level, and not forsake them; the passage joins guidance with hands-on provision for a dependent traveler.
strong	tevrat	motif	WLC:Prov.4.11	Taught the way of wisdom	The speaker says he has taught the way of wisdom and led his pupil in upright tracks; this gives a concrete teacher-and-traveler counterpart to asking for guidance on a straight way.
strong	tevrat	motif	WLC:Prov.4.12	Walking without stumbling	The pupil's stride will not be hampered and he will not stumble when running; this describes the bodily result of the guidance and steadiness developed in the commentary.
strong	tevrat	motif	WLC:Hos.11.3	Arms that teach a child to walk	YHWH says he taught Ephraim to walk and took them in his arms, though they did not recognize that he healed them; the image presents guidance and support as care a dependent person may not even perceive.
strong	tevrat	motif	WLC:Jer.17.8	A tree rooted by water	The person who trusts YHWH is like a tree planted by water whose roots reach the stream and whose leaf stays green in drought; this gives a living image for the commentary's tree standing on its roots, with hidden nourishment preserving stability.
strong	tevrat	soydas	WLC:Exod.3.12	ע־ב־ד, service to God	The source commentary labels Arabic ع ب د for نَعْبُدُ; Hebrew תַּעַבְדוּן (ta'avdun, root עבד) is its cognate in God's promise that liberated Israel will serve him at the mountain, adding the setting of worship as service after deliverance.
strong	tevrat	soydas	WLC:Isa.33.22	מֶלֶךְ, king and rescuer	The source commentary labels Arabic م ل ك for مَٰلِكِ; Hebrew מֶלֶךְ (melekh, root מלך) appears as YHWH is named Israel's judge, lawgiver, and king who saves, joining royal authority with the rescue sought by the dependent.
strong	tevrat	motif	WLC:Ps.96.10	Reigning and judging	The nations are told that YHWH reigns, establishes the world, and judges peoples equitably; this directly connects the selected ayah's sovereign over the Day of Judgment with the commentary's root image of firm, sustaining authority.
strong	tevrat	motif	WLC:Ps.96.13	The judge comes to earth	YHWH comes to judge the earth in righteousness and faithfulness; this supplies a specific Hebrew Bible scene of the judgment day named in the selected ayah.
strong	tevrat	motif	WLC:Zech.14.9	King on that day	In the passage's eschatological day, YHWH becomes king over all the earth; it closely joins the selected ayah's kingship and judgment-day language.
strong	tevrat	motif	WLC:Dan.7.10	The heavenly court sits	The Ancient of Days takes his seat, the court sits, and books are opened; this is an apocalyptic judgment scene to place beside the selected ayah's day of reckoning.
strong	incil	motif	SBLGNT:Luke.1.79	Feet guided into peace	In Zechariah's blessing, God will guide the feet of those in darkness into the way of peace; its prayer-like language explicitly joins guidance, feet, and a path as the commentary does.
strong	incil	motif	SBLGNT:Luke.10.34	A wounded traveler receives support	The Samaritan binds the wounded man's injuries, puts him on his own animal, and brings him to an inn; the story reverses the commentary's exhausted mount but shares its precise scene of a vulnerable traveler kept moving by another's practical care.
strong	incil	motif	SBLGNT:Luke.10.35	Care continues after rescue	The Samaritan pays the innkeeper and promises further expenses for the wounded traveler; this extends the commentary's image of leaning on support into sustained care beyond the first act of getting someone upright.
strong	incil	motif	SBLGNT:John.5.7	No one to help him reach the water	The disabled man says he has no one to put him in the pool and another enters first; his particular inability to move without assistance embodies the commentary's dependent traveler asking for support.
strong	incil	motif	SBLGNT:John.5.8	Rise and walk	Jesus tells the man to rise, take his mat, and walk; the command's result is a body restored to upright movement, the outcome pictured in the commentary's supported traveler.
strong	incil	motif	SBLGNT:Acts.3.7	A hand raises the lame man	Peter takes the lame man by the right hand and raises him; his feet and ankles become strong and he walks, making the commentary's transition from aid to upright walking an enacted healing scene.
strong	incil	motif	SBLGNT:Luke.13.13	The bent woman stands upright	Jesus lays hands on a woman bent for eighteen years and she immediately stands straight and glorifies God; the scene joins bodily restoration to praise, as the commentary joins uprightness with worship.
strong	incil	motif	SBLGNT:Heb.12.12	Drooping hands and weak knees	The author urges readers to lift drooping hands and strengthen weakened knees; this directly names the bodily frailty behind the commentary's request for help.
strong	incil	motif	SBLGNT:Heb.12.13	Straight paths for weak feet	The author tells the community to make straight paths for their feet so the lame may be healed; it closely joins the commentary's weak walker, straight way, and restored gait.
strong	incil	motif	SBLGNT:Heb.4.16	Help at the throne	Readers are invited to approach the throne of grace for mercy and timely help; the passage gives a prayerful counterpart to worship joined with asking for aid, and recasts approach to divine authority as confidence in receiving support.
strong	incil	motif	SBLGNT:Acts.17.31	An appointed day of judgment	Paul says God fixed a day to judge the world in righteousness through an appointed man; this directly elaborates the judgment-day claim in the selected ayah.
strong	incil	motif	SBLGNT:Matt.25.31	The judge sits in glory	The Son of Man comes in glory with angels and sits on his throne; the scene gives the selected ayah's sovereign on Judgment Day a concrete Christian apocalyptic counterpart.
strong	incil	motif	SBLGNT:Rev.20.12	The dead before the throne	The dead stand before the great throne as books are opened and they are judged by what is written; this supplies a distinct vision of the day of reckoning named in the selected ayah.
strong	tevrat	motif	Berakhot 29b	The traveler's prayer for guidance	The Babylonian Talmud's Tefillat ha-Derekh asks God to lead the traveler in peace, direct his steps, and support him; it is a Jewish liturgical form joining the commentary's requests for help and a straight path.
strong	tevrat	yorum_gelenegi	Rosh Hashanah 29a	Raised hands interpreted as prayer	The Talmud asks whether Moses' raised hands themselves won the battle, then explains Israel's victory through looking upward and directing their hearts to God; it turns bodily support into a lesson about the prayerful dependence beside the commentary's image.
strong	tevrat	motif	Berakhot 5b	A hand lifts the suffering person	Rabbi Yohanan visits the ill Rabbi Hiyya bar Abba, takes his hand, and raises him; the passage says a captive cannot free himself, making dependence on another's help explicit.
strong	tevrat	motif	Berakhot 60b	Blessing for straightening the bent	Among the morning blessings is praise of God as the one who straightens the bent; this Jewish liturgical wording joins bodily uprightness to praise, matching a secondary image in the commentary.
strong	incil	motif	SBLGNT:Matt.6.13	Prayer for protection and rescue	The Lord's Prayer asks not to be brought into trial and asks for deliverance from evil; this is a specific communal petition for divine help alongside the commentary's prayer that worshippers cannot proceed alone.
strong	incil	motif	SBLGNT:1Thess.5.14	Support the weak	Paul tells the community to help the weak and be patient with everyone; this makes the commentary's two-sided human support an ethical duty within a worshipping community.
medium	tevrat	motif	WLC:Ps.37.24	Steps established by YHWH	The psalm says a person's steps are established by YHWH and that he delights in the person's way; it adds divine ordering of the walk to the commentary's request for guidance, though this verse does not itself describe a stumble.
medium	tevrat	motif	WLC:Jer.6.16	Ask for the good way	At the crossroads, the people are told to ask for the ancient paths, find the good way, and walk in it for rest; this makes seeking guidance an explicit act, though Jeremiah's audience refuses the invitation.
medium	tevrat	motif	WLC:Isa.40.31	Strength for walking and running	Those who wait for YHWH renew strength and walk without fainting; the verse supplies endurance for the commentary's weakened traveler, while its running image differs from the commentary's calm, non-fugitive gait.
medium	tevrat	motif	WLC:Dan.7.14	Everlasting dominion after judgment	After the court scene, one like a son of man receives everlasting dominion and all peoples serve him; this places universal service beside the commentary's sovereign and worship, while Daniel distinguishes the enthroned judge from the figure given dominion.
medium	incil	motif	SBLGNT:Matt.7.14	A difficult way leading to life	Jesus describes the narrow gate and hard way that lead to life, with few finding them; this makes the requested path a morally consequential course, while the surah's surrounding verse specifies its own blessed and rejected ways.
medium	incil	motif	SBLGNT:Rom.15.1	The strong bear the weak	Paul says the strong ought to bear the weaknesses of those without strength rather than please themselves; this turns the commentary's supported walk into a concrete communal obligation.
medium	incil	motif	SBLGNT:Gal.6.2	Bearing one another's burdens	Paul commands believers to carry one another's burdens; this gives the commentary's image of leaning on another person an ethical, shared form.
medium	tevrat	motif	Community Rule (1QS) 3:13–4:26	Two opposed ways of life	The Community Rule describes two spirits and the opposed ways they lead people to walk; this Jewish interpretive framework makes a request for the straight path a choice of moral allegiance, rather than only a route.
medium	incil	motif	Didache 1:1	Two ways	The Didache opens by naming a way of life and a way of death; it gives the commentary's requested way a concrete ethical alternative in early Christian teaching.
medium	incil	motif	Augustine, Confessions 10.29.40	Obedience depends on grace	While reflecting on chastity, Augustine asks God to grant what God commands; this makes the commentary's pairing of worship and help a claim about moral action itself needing divine support.
medium	incil	yorum_gelenegi	Augustine, Quaestiones Evangeliorum 2.19	The Samaritan as Christ	Augustine reads the wounded traveler as fallen humanity and the Samaritan as Christ; this Christian interpretation shifts Luke's practical aid scene toward divine rescue, a useful contrast with the commentary's human shoulders and support.
