strong	6:153	scene+root+theme+contrast	It names God's single straight path, commands following it, and makes the competing paths disperse walkers from it; this is the section's shared, trodden route versus people going apart.
strong	6:161	root+theme	The Prophet says his Lord guided him to a straight path, an upright dīn; it joins hidaya, sirat, the section's dīn, and q-w-m straightness in one claim.
strong	16:9	scene+root+contrast	It assigns the direction of the way to God and says some ways are crooked. Its qasd/direction and crooked branch make the section's line, middle, and deviation concrete.
strong	28:22	scene+root	Moses asks to be guided to sawāʾ al-sabīl, the level or middle of the road, directly realizing the source dictionary sense of the road's middle.
strong	6:71	scene+root+contrast	It stages the bewildered person in the earth, with companions calling him back to guidance; this is the section's dalle fi al-ard scene and its communal answer.
strong	10:25	root+theme	God calls to the Abode of Peace and guides whom He wills to a straight path, making hidaya show both the route and the destination or home.
strong	16:15	scene+theme	Mountains, rivers, and roads are placed in the earth so people may find their way; the route is read through the terrain the section calls its signs.
strong	16:16	scene+root	Its signs and star-guidance give the Quranic scene for the section's source dictionary sense of alama/alamin as a landmark used to find a road.
strong	6:97	scene+theme	The stars are made so people can be guided through the darknesses of land and sea, extending the section's landmark-and-navigation scene beyond 16:16.
strong	13:7	root+theme	For every qawm there is a hadi. It gives the source image of a guide who goes before a people and the qawm that follows a concrete Quranic form.
strong	19:43	root+speaker	Abraham tells his father, Follow me, and promises to guide him to a sound path. The speaker literally takes the prior position of the hadi in the section.
strong	3:51	root+theme	Jesus joins worship of the one Lord to the declaration that this is a straight path, making na'budu's worship the way itself.
strong	19:36	root+theme	Jesus again commands worship of God and calls it the straight path, preserving the section's worship-path equation in its own speech.
strong	43:64	root+theme	Jesus' command to worship God is again completed by this is a straight path; its repeated formulation makes worship the route rather than merely a doctrine.
strong	36:61	root+theme	The divine address says Worship Me; this is a straight path. It directly links the fifth-ayah worship to the sixth-ayah road.
strong	16:69	scene+theme	The bee is told to follow its Lord's paths made dhululan, made easy or subdued. That concrete traversable path meets the source's secondary image of a softened, tamed walking surface.
strong	12:108	scene+speaker	The Prophet calls this my way, and includes those who follow him. It supplies both the leading caller and the people walking a shared route behind him.
strong	21:73	root+theme	God makes Abraham's household leaders who guide by His command; their leadership gives a Quranic form to the section's front-going hadi.
strong	32:24	root+theme	Patient and certain Israelites are made leaders guiding by God's command. The verse binds ongoing steadfastness to a community's guiding leaders.
strong	40:38	root+speaker	The believing man tells his qawm, Follow me; I will guide you to the way of right conduct. This is the section's guide-ahead-of-a-community scene in direct speech.
strong	2:142	root+theme	God guides whom He wills to a straight path; its exact path-and-guidance formulation carries the Fatiha petition into the change of qibla.
strong	2:213	root+theme	After human beings become divided, God guides believers to the truth they dispute by His permission, to a straight path. It places a single guided route after communal division.
strong	3:101	root+theme	Holding fast to God is followed by being guided to a straight path, joining a sustaining grip to the continued route requested in the section.
strong	4:68	root+theme	Obedience to God and the Messenger would bring the promise of guidance to a straight path; the verse makes following the leader a route to that path.
strong	4:69	theme+neighbour	It identifies the obedient as being with those upon whom God bestowed favor, including prophets and the righteous. It concretely identifies the favored company in Fatiha 1:7, after 4:68's path.
strong	4:175	root+theme	Those who hold fast to God receive mercy and are guided to Him on a straight path; the endpoint and route remain together.
strong	5:16	root+theme	God guides those seeking His pleasure along paths of peace and out of darkness, then to a straight path; it makes guidance an actual passage with a destination.
strong	6:39	root+theme	God may leave someone in darkness or set that person on a straight path. The paired placement makes the path a condition one is put upon, not merely knows about.
strong	6:87	root+theme	After naming a gathered line of prophets and their fathers and descendants, the verse says God chose and guided them to a straight path: a predecessor community already walking it.
strong	6:90	root+theme	The Prophet is commanded to follow the guidance of the preceding prophets. It is an explicit Quranic version of walking a route already made by those before.
strong	6:126	root+theme	God calls this the straight path of your Lord and says the signs have been detailed for a people who remember, linking a road with the signs that make it legible.
strong	10:89	root+theme	Moses and Aaron are told to remain upright and not follow the way of those who do not know. Its command to persist realizes the source dictionary sense of staying in one's course without turning aside.
strong	11:56	root+theme	After saying every creature is held by its forelock, Hud says his Lord is upon a straight path. The straightness is the dependable line of divine rule over those moving within it.
strong	11:112	root+speaker	The Prophet and those who repent with him are ordered to remain upright as commanded and not overstep. It gives the section's continuing, communal walking its imperative form.
strong	12:40	root+theme	Joseph calls exclusive worship the upright dīn. The explicit pairing of dīn with q-w-m straightness develops the section's secondary sense of dīn as a sustained way or practice.
strong	14:1	root+theme	The Book brings people from darkness into light by their Lord's permission, to the path of the Mighty, Praiseworthy. Guidance here crosses a real before-and-after passage.
strong	14:12	root+theme	The messengers say God has guided us to our paths. Their plural paths are the routes on which they then endure harm, combining guidance and continued travel.
strong	15:41	root+theme	God calls this a straight path to Me. It gives the section's hidaya image of a road whose destination is known, rather than direction without arrival.
strong	16:76	root+theme	In its contrast between two men, the one who commands justice is upon a straight path. The path marks a public, active line of conduct rather than a private claim.
strong	16:121	root+theme	Abraham is chosen and guided to a straight path. His exemplary, grateful course becomes a named antecedent for the community-and-favor strand of the section.
strong	20:123	root+theme	When God's guidance comes, whoever follows it will neither go astray nor suffer. It states the direct opposite of the section's dal-lost traveler as sustained following.
strong	20:135	root+theme	The closing question distinguishes the companions of the even path and the guided. It makes straightness and being guided a matter revealed at the route's outcome.
strong	22:24	root+theme	They are guided to good speech and to the path of the Praiseworthy. The verse preserves the twofold hidaya of right utterance and a route to its Lord.
strong	22:54	root+theme	God is the guide of believers to a straight path. In context, recognizing the revealed truth is what lets them take that route.
strong	23:73	root+speaker	The Messenger is said to call people to a straight path. The verse supplies the calling, forward-facing guide which the section's hadi image requires.
strong	24:46	root+theme	After clear signs are sent down, God guides whom He wills to a straight path. The signs are the disclosed markers through which that path is known.
strong	27:63	scene+root	God guides travelers through the darknesses of land and sea. This is a second navigation scene for the landmarks and signs of the section, now with the guide named explicitly.
strong	29:69	root+theme	Those who strive for God are promised guidance to His ways. The plural ways are reached through persevering movement, rather than by a detached assertion of belief.
strong	34:6	root+theme	Those given knowledge see the revelation as truth that guides to the path of the Mighty, Praiseworthy. It pairs a readable sign with the road it discloses.
strong	36:3	speaker+neighbour	Its declaration that Muhammad is a messenger supplies the guide-speaker; the immediately following 36:4 gives that messenger's own standing on the straight path.
strong	36:4	root+neighbour	It says the messenger is upon a straight path. Its own contribution is to locate the leader announced in 36:3 on the route he communicates.
strong	37:118	root+theme	Moses and Aaron are guided to a straight path after receiving the clear Book, linking a named pair of leaders, scripture, and a traveled line.
strong	41:6	root+speaker	The Messenger declares the one God and commands people to be upright toward Him. The imperative gives the section's straight continuation a direct address.
strong	41:30	root+theme	Those who say our Lord is God and then remain upright receive the angels' reassurance. Straightness is presented as a course sustained after the first confession.
strong	42:15	root+speaker	The Prophet is commanded to call and remain upright as commanded. It makes his own firmness part of his leading call to the route.
strong	42:52	root+speaker	The Prophet is said to guide to a straight path, directly joining prophetic speech and the section's front-going hadi.
strong	43:43	root+theme	The Prophet is told to hold fast to revelation because he is upon a straight path. Holding and remaining on it make the route continuous rather than momentary.
strong	45:18	root+theme+contrast	The Prophet is placed on a sharia, a way of command, and told to follow it rather than desires. Its way becomes the daily dīn-like practice that resists departure.
strong	46:13	root+theme	Those who say our Lord is God and remain upright need not fear or grieve. The verse repeats the enduring straight stance as a lived course.
strong	46:30	root+theme	The jinn describe the revealed Book as guiding to truth and a straight path. It gives the Book the road-disclosing function of the section's signs.
strong	48:2	root+theme	Along with forgiveness and completing favor, God guides the Prophet to a straight path. Favor and the route meet here as they do in Fatiha 1:7.
strong	72:16	root+theme	Had people remained steadfast upon the way, they would have received abundant water. Its conditional uses a path as something one can stay on and receive provision along.
strong	76:3	root+theme	God says He showed the human being the way, whether grateful or ungrateful. The shown route has the same active disclosure requested by ihdina.
contrast	2:108	root+contrast	It says the person who exchanges faith for disbelief has gone astray from sawāʾ al-sabīl. The exact middle-of-the-road expression reverses Moses' request in 28:22.
contrast	4:115	scene+theme+contrast	One who follows a course other than the believers' way is turned toward what he chose. It gives a boundary for the section's shared community path.
contrast	5:77	root+contrast	Those who lead others astray are said to have strayed from sawāʾ al-sabīl. It is the same road-middle vocabulary as 28:22, now as a missed line.
contrast	7:16	scene+root+contrast	Iblis vows to sit upon God's straight path for people. The road is not empty: the lost-way danger takes the form of an ambush on the very route requested in Fatiha.
contrast	7:17	scene+neighbour+contrast	It specifies the attack as from before, behind, right, and left. As the continuation of 7:16, its four directions surround the section's straight traveler without replacing the road itself.
contrast	7:86	scene+root+contrast	The people are forbidden to sit on every road threatening travelers, blocking God's way, and seeking it crooked. It reverses the guide and landmark scene into obstruction and distortion.
contrast	7:146	scene+root+contrast	Those who reject God's signs do not take the way of right conduct when they see it, but take the way of error. The verse makes the divergent choice between visible routes explicit.
contrast	20:79	root+speaker+contrast	Pharaoh leads his people astray and does not guide them. This is the counter-image to the hadi who goes ahead of a qawm.
contrast	23:74	root+neighbour+contrast	Those who do not believe in the Hereafter deviate from the straight path. It gives the opposing route of the people to whom 23:73 is calling.
contrast	33:67	theme+contrast	At judgment people say their chiefs and great ones made them lose the way. The community's leaders here do the opposite of the preceding guide.
contrast	36:59	scene+neighbour+contrast	The criminals are told to separate today. Its own judgment-day partition completes the route boundary stated in 36:61, rather than merely repeating its worship command.
contrast	36:62	root+neighbour+contrast	The devil has led a great multitude astray. It names the destructive guide and scattered human mass that follow the worship-path warning of 36:61.
contrast	37:23	root+contrast	The command to guide them to the path of Hell reverses both hidaya and the destination of the straight path: the same road-language reaches the contrary home.
contrast	38:26	root+theme+contrast	David is warned not to follow desire, lest it lead him away from God's way. Desire is the force that bends a ruler off the line he must keep straight.
contrast	40:29	speaker+neighbour+contrast	Pharaoh claims that he guides his people only to the way of right conduct. Its false guide-speech is answered by the believer's genuine Follow me in 40:38.
contrast	41:17	root+contrast	Thamud are shown guidance but prefer blindness to it. The refusal turns the section's readable signs into a chosen failure of orientation.
contrast	43:22	scene+theme+contrast	The speakers claim that they found their fathers on a community and are guided by their traces. Their inherited footprints form a contrary test for the section's already-walked path.
contrast	43:23	scene+theme+contrast	The same claim is repeated of later affluent communities: they follow the traces of their fathers. It makes custom's repeated track a possible substitute for actual guidance.
contrast	47:25	root+contrast	After guidance has become clear, some turn back on their heels. The bodily reversal gives a concrete opposite to staying in the course one has taken.
contrast	67:22	scene+root+contrast	It compares one walking face-down, stumbling, with one walking upright upon a straight path. The physical traveler makes the section's path image visible in reverse and fulfillment.
contrast	90:10	scene+root+contrast	God says He showed the two high roads. The disclosed alternatives give the request for a guided way its moral fork.
contrast	93:7	root+contrast	God finds the Prophet dāll and guides him. The compact reversal is the source's hidaya-versus-dalal pair, with the latter overcome rather than inhabited.
medium	2:38	root+theme	After the descent, whoever follows God's guidance need not fear or grieve. It adds the ongoing act of following to the section's request to be led.
medium	3:103	theme+contrast	The community is told to hold God's rope all together and not become divided. Its shared holding gives a communal counterpoint to the section's people scattering in every direction.
medium	4:26	theme+root	God promises to make clear and guide believers in the sunan of those before them. These prior courses specify the idea of a route already trodden by earlier people.
medium	7:159	root+theme	Among Moses' people is a community that guides by the truth and judges with it. It supplies a qawm whose collective activity is guidance, rather than merely being guided.
medium	7:181	root+theme	A community created by God guides by truth and acts justly with it. Its corporate guidance extends the section's association of a road with a people.
medium	10:35	root+theme	The question contrasts one who guides to truth with one unable to guide unless guided. It tests who may genuinely occupy the section's role of hadi.
medium	15:76	scene+theme	The ruined settlement remains on an established road. A continuing public route carries a visible sign for those who pass it, connecting road and readable trace.
medium	15:79	scene+neighbour	The two punished peoples are said to lie by a clear imam, an open route. With 15:76 it keeps the road as the place where past signs remain available to travelers.
medium	17:9	root+theme	The Quran guides to what is aqwam, more upright. Its q-w-m form gives the section's straightness a superlative moral direction.
medium	17:72	scene+contrast	One blind in this world is blind in the next and farther astray in way. The verse gives a contrary navigation image: inability to see signs becomes loss of route.
medium	19:58	theme+neighbour	It names the prophets and righteous descendants upon whom God bestowed favor. The phrase identifies the favored people of 1:7, before 19:59 shows their successors' break.
medium	20:47	root+speaker	Moses and Aaron announce that peace is for whoever follows guidance. Their message makes huda something followed behind a pair of messengers.
medium	22:67	root+theme	Each community has an appointed rite, while the Prophet stands upon straight guidance. The verse ties a practiced communal dīn to a guiding line.
medium	24:54	root+speaker	The addressees are told that obedience to the Messenger will bring guidance. It makes following a messenger the concrete response to a guide's call.
medium	25:57	root+theme	The Messenger asks no reward except that whoever wills may take a path to his Lord. It supplies the route-to-the-Lord side of the section's road-and-home sense.
medium	30:30	root+theme	Turn the face toward the upright dīn, the fitra God made. The dīn plus q-w-m pairing develops the section's daily, straightened way of life.
medium	30:43	root+theme	Turn the face toward the upright dīn before the irreversible day arrives. It makes keeping one's orientation a sustained preparation, not a bare label.
medium	31:15	scene+theme	After refusing parents' call to shirk, one is told to follow the way of one who turns to God. It specifies a human route to follow while setting a boundary for inherited obedience.
medium	31:19	scene+theme	Luqman tells his son to be moderate in his walking. The concrete gait gives a small bodily analogue to the section's middle and un-deviating route.
medium	37:99	root+theme	Abraham says he is going to his Lord and that He will guide him. The journey makes guidance point toward the Lord as a known destination.
medium	42:13	theme+contrast	The commanded dīn is to be established and not divided within. Its continuity and refusal of fragmentation parallel the section's single shared way against scattered groups.
medium	98:5	root+theme	The command to worship sincerely is called the dīn al-qayyima. The source's dīn and q-w-m senses meet here in an enacted, upright practice.
