surah,ayat,tied_segments,unique_segment_chars,expanded_ayah_chars,exact_unique_text_chars,mean_ayah_chars,max_ayah_chars,range_reread_factor,top_sources
112,4,10,53739,158799,50484,39700,44270,2.955,CORPUSCORANICUM-INTERTEXT=53637; QURAN=102
97,5,17,65759,186866,65759,37373,44440,2.842,CORPUSCORANICUM-INTERTEXT=35798; CORPUSCORANICUM=29712; QURAN=249
1,7,36,176235,209129,140643,29876,64813,1.187,CORPUSCORANICUM-INTERTEXT=156361; CORPUSCORANICUM=19589; QURAN=285
99,8,34,108749,118202,83895,14775,37280,1.087,CORPUSCORANICUM-INTERTEXT=99542; CORPUSCORANICUM=8875; QURAN=332
88,26,72,144544,363642,119690,13986,54486,2.516,CORPUSCORANICUM-INTERTEXT=126106; CORPUSCORANICUM=17630; QURAN=808
114,6,14,41627,77479,41627,12913,37676,1.861,CORPUSCORANICUM-INTERTEXT=35852; CORPUSCORANICUM=5616; QURAN=159
107,7,20,43585,73503,43585,10500,18054,1.686,CORPUSCORANICUM-INTERTEXT=31733; CORPUSCORANICUM=11621; QURAN=231
91,15,37,43563,152899,43563,10193,18373,3.51,CORPUSCORANICUM=26012; CORPUSCORANICUM-INTERTEXT=17046; QURAN=505
95,8,23,51681,79782,51681,9973,30821,1.544,CORPUSCORANICUM-INTERTEXT=30533; CORPUSCORANICUM=20825; QURAN=323
102,8,23,45052,79672,45052,9959,31111,1.768,CORPUSCORANICUM-INTERTEXT=33200; CORPUSCORANICUM=11594; QURAN=258
106,4,8,14774,39686,14774,9922,13117,2.686,CORPUSCORANICUM=14613; QURAN=161
111,5,17,35171,43784,35171,8757,17968,1.245,CORPUSCORANICUM-INTERTEXT=19173; CORPUSCORANICUM=15819; QURAN=179
90,20,47,62180,166849,62180,8342,16225,2.683,CORPUSCORANICUM-INTERTEXT=37513; CORPUSCORANICUM=23943; QURAN=724
89,30,82,136327,249911,102720,8330,36357,1.833,CORPUSCORANICUM-INTERTEXT=110702; CORPUSCORANICUM=24387; QURAN=1238
100,11,33,55856,85324,55856,7757,26816,1.528,CORPUSCORANICUM-INTERTEXT=43651; CORPUSCORANICUM=11846; QURAN=359
108,3,8,14060,23236,14060,7745,9962,1.653,CORPUSCORANICUM=11447; CORPUSCORANICUM-INTERTEXT=2521; QURAN=92
87,19,49,89004,146232,72182,7696,28763,1.643,CORPUSCORANICUM-INTERTEXT=67222; CORPUSCORANICUM=21154; QURAN=628
104,9,22,22832,68472,22832,7608,10896,2.999,CORPUSCORANICUM-INTERTEXT=13326; CORPUSCORANICUM=9208; QURAN=298
98,8,14,55042,55042,46289,6880,16877,1.0,CORPUSCORANICUM-INTERTEXT=54170; QURAN=872
93,11,26,45716,72720,45716,6611,19815,1.591,CORPUSCORANICUM=24524; CORPUSCORANICUM-INTERTEXT=20836; QURAN=356
101,11,27,44287,71624,44287,6511,19923,1.617,CORPUSCORANICUM-INTERTEXT=28556; CORPUSCORANICUM=15410; QURAN=321
105,5,12,11952,30224,11952,6045,8259,2.529,CORPUSCORANICUM=9900; CORPUSCORANICUM-INTERTEXT=1845; QURAN=207
92,21,56,64033,122722,62115,5844,17965,1.917,CORPUSCORANICUM-INTERTEXT=46154; CORPUSCORANICUM=17211; QURAN=668
110,3,5,12821,17435,12821,5812,12712,1.36,CORPUSCORANICUM-INTERTEXT=12651; QURAN=170
96,19,42,52604,96105,52604,5058,27546,1.827,CORPUSCORANICUM=29107; CORPUSCORANICUM-INTERTEXT=22886; QURAN=611
22,78,130,318971,371567,280375,4764,35321,1.165,CORPUSCORANICUM-INTERTEXT=307494; QURAN=11477
103,3,9,10266,13656,10266,4552,8080,1.33,CORPUSCORANICUM-INTERTEXT=5566; CORPUSCORANICUM=4555; QURAN=145
109,6,8,12801,24061,12762,4010,12625,1.88,CORPUSCORANICUM-INTERTEXT=12596; QURAN=205
94,8,17,8860,17622,8860,2203,5075,1.989,CORPUSCORANICUM=6109; CORPUSCORANICUM-INTERTEXT=2537; QURAN=214
60,13,13,3356,3356,3356,258,565,1.0,QURAN=3356
65,12,12,2672,2672,2672,223,392,1.0,QURAN=2672
5,120,120,26189,26189,26105,218,612,1.0,QURAN=26189
58,22,22,4409,4409,4409,200,484,1.0,QURAN=4409
4,176,176,34963,34963,34963,199,707,1.0,QURAN=34963
2,286,286,56669,56669,56429,198,1213,1.0,QURAN=56669
66,12,12,2369,2369,2369,197,421,1.0,QURAN=2369
24,64,64,12435,12435,12435,194,762,1.0,QURAN=12435
57,29,29,5433,5433,5433,187,402,1.0,QURAN=5433
9,129,129,23682,23682,23682,184,432,1.0,QURAN=23682
48,29,29,5347,5347,5347,184,547,1.0,QURAN=5347
49,18,18,3300,3300,3300,183,349,1.0,QURAN=3300
13,43,43,7770,7770,7770,181,427,1.0,QURAN=7770
59,24,24,4179,4179,4179,174,389,1.0,QURAN=4179
6,165,165,27835,27835,27835,169,427,1.0,QURAN=27835
33,73,73,12261,12261,12261,168,633,1.0,QURAN=12261
46,35,35,5759,5759,5759,165,433,1.0,QURAN=5759
3,200,200,32091,32091,32091,160,645,1.0,QURAN=32091
63,11,11,1722,1722,1722,157,240,1.0,QURAN=1722
35,45,45,7015,7015,7015,156,305,1.0,QURAN=7015
8,75,75,11590,11590,11590,155,444,1.0,QURAN=11590
10,109,109,16441,16441,16441,151,424,1.0,QURAN=16441
7,206,206,30995,30995,30930,150,467,1.0,QURAN=30995
14,52,52,7651,7651,7651,147,405,1.0,QURAN=7651
62,11,11,1618,1618,1618,147,221,1.0,QURAN=1618
28,88,88,12827,12827,12746,146,336,1.0,QURAN=12827
61,14,14,2048,2048,2048,146,348,1.0,QURAN=2048
34,54,54,7797,7797,7797,144,331,1.0,QURAN=7797
42,53,53,7635,7635,7635,144,337,1.0,QURAN=7635
12,111,111,15893,15893,15893,143,380,1.0,QURAN=15893
39,75,75,10546,10546,10546,141,326,1.0,QURAN=10546
11,123,123,17105,17105,17105,139,338,1.0,QURAN=17105
31,34,34,4727,4727,4727,139,265,1.0,QURAN=4727
47,38,38,5217,5217,5217,137,402,1.0,QURAN=5217
41,54,54,7283,7283,7283,135,299,1.0,QURAN=7283
29,69,69,9196,9196,9196,133,267,1.0,QURAN=9196
16,128,128,16924,16924,16924,132,285,1.0,QURAN=16924
17,111,111,14345,14345,14345,129,254,1.0,QURAN=14345
18,110,110,14204,14204,14182,129,382,1.0,QURAN=14204
40,85,85,10952,10952,10952,129,330,1.0,QURAN=10952
64,18,18,2329,2329,2329,129,265,1.0,QURAN=2329
30,60,60,7504,7504,7504,125,317,1.0,QURAN=7504
45,37,37,4477,4477,4477,121,220,1.0,QURAN=4477
27,93,93,10345,10345,10345,111,315,1.0,QURAN=10345
32,30,30,3340,3340,3340,111,198,1.0,QURAN=3340
25,77,77,8252,8252,8252,107,205,1.0,QURAN=8252
21,112,112,10814,10814,10814,97,194,1.0,QURAN=10814
67,30,30,2901,2901,2901,97,144,1.0,QURAN=2901
73,20,20,1831,1831,1831,92,723,1.0,QURAN=1831
19,98,98,8581,8581,8581,88,289,1.0,QURAN=8581
20,135,135,11753,11753,11753,87,297,1.0,QURAN=11753
43,89,89,7746,7746,7746,87,250,1.0,QURAN=7746
72,28,28,2423,2423,2423,87,139,1.0,QURAN=2423
23,118,118,9521,9521,9483,81,295,1.0,QURAN=9521
36,83,83,6525,6525,6525,79,200,1.0,QURAN=6525
38,88,88,6620,6620,6620,75,302,1.0,QURAN=6620
76,31,31,2289,2289,2289,74,130,1.0,QURAN=2289
50,45,45,3264,3264,3264,73,124,1.0,QURAN=3264
71,28,28,2048,2048,2048,73,164,1.0,QURAN=2048
15,99,99,6062,6062,6062,61,145,1.0,QURAN=6062
52,49,49,2831,2831,2831,58,186,1.0,QURAN=2831
54,55,55,3206,3206,2944,58,95,1.0,QURAN=3206
51,60,60,3264,3264,3264,54,97,1.0,QURAN=3264
44,59,59,3127,3127,3127,53,112,1.0,QURAN=3127
26,227,227,11804,11804,10407,52,219,1.0,QURAN=11804
68,52,52,2723,2723,2723,52,127,1.0,QURAN=2723
53,62,62,3087,3087,3087,50,287,1.0,QURAN=3087
69,52,52,2382,2382,2382,46,144,1.0,QURAN=2382
70,44,44,2038,2038,2038,46,100,1.0,QURAN=2038
55,78,78,3511,3511,2221,45,155,1.0,QURAN=3511
37,182,182,8084,8084,7741,44,214,1.0,QURAN=8084
83,36,36,1568,1568,1518,44,74,1.0,QURAN=1568
85,22,22,967,967,967,44,135,1.0,QURAN=967
78,40,40,1633,1633,1633,41,139,1.0,QURAN=1633
74,56,56,2216,2216,2216,40,535,1.0,QURAN=2216
56,96,96,3635,3635,3571,38,91,1.0,QURAN=3635
84,25,25,939,939,908,38,85,1.0,QURAN=939
82,19,19,698,698,698,37,83,1.0,QURAN=698
75,40,40,1459,1459,1459,36,59,1.0,QURAN=1459
79,46,46,1636,1636,1636,36,80,1.0,QURAN=1636
77,50,50,1769,1769,1436,35,76,1.0,QURAN=1769
81,29,29,899,899,899,31,66,1.0,QURAN=899
86,17,17,533,533,533,31,47,1.0,QURAN=533
113,5,5,154,154,154,31,40,1.0,QURAN=154
80,42,42,1215,1215,1215,29,56,1.0,QURAN=1215
