strong	tevrat	motif	WLC:Ps.148.13	praising the name; the name exalted	The opening command to glorify the Lord's name meets the psalm's call to praise YHWH's name because his name alone is exalted; the psalm joins the act of praise to the name's height.
strong	tevrat	motif	WLC:Isa.43.1	called by name; “you are mine”	The commentary reads the Lord's name as a sign of ownership and distinction; here YHWH calls Jacob by name and declares Israel his, making naming an explicit claim of belonging.
strong	tevrat	motif	WLC:Isa.44.5	writes YHWH on the hand	The commentary's “name as an identifying mark” is literalized when a person writes YHWH on his hand and claims the name Israel; the verse presents the mark as chosen allegiance.
strong	tevrat	motif	WLC:Exod.28.36	engraved holiness on the priest's forehead	A gold plate engraved “Holy to YHWH” is worn on Aaron's forehead; the bodily inscription identifies sacred service and makes concrete the commentary's hearing of the Lord's name as a distinguishing mark.
strong	tevrat	motif	WLC:Num.6.27	God's name placed upon Israel	The priests “put” YHWH's name upon Israel and God blesses them; this is a direct name-as-belonging-sign parallel to the commentary's gloss of the Lord as owner and the name as his mark.
strong	tevrat	motif	WLC:Gen.17.11	covenant sign in the flesh	Circumcision is explicitly called a covenant sign “in your flesh”; this gives the commentary's skin-mark scene a concrete covenantal counterpart that distinguishes a community through a bodily sign.
strong	tevrat	motif	WLC:Exod.31.13	Sabbath as a sign between YHWH and Israel	The Sabbath is a sign between God and Israel, by which they know that YHWH sanctifies them; it connects a religious act with a visible community identity and holiness, as the commentary connects remembrance and prayer with the Lord's mark.
strong	tevrat	motif	WLC:Exod.12.13	blood sign on the houses	The blood on the doorways is a sign by which YHWH distinguishes Israelite houses and spares them; it shows a mark identifying whose household is under protection, while the commentary also gives marks opposite fates.
strong	tevrat	motif	WLC:Exod.13.9	sign on hand; memorial of deliverance	The exodus instruction makes the remembered law a sign on the hand and a memorial between the eyes; it brings bodily marking together with remembering the Lord's deliverance, a specific ritual counterpart to the commentary's name-and-remembrance reading.
strong	tevrat	motif	WLC:Deut.15.17	pierced ear; lifelong service	When a servant chooses to remain with his master, his ear is pierced and he stays for life; a chosen attachment leaves a bodily trace that identifies an enduring relation, matching the commentary's claim that preference leaves a mark.
strong	tevrat	motif	WLC:Ezek.9.4	forehead mark distinguishes mourners	Before Jerusalem's slaughter, a mark is placed on the foreheads of those grieving its abominations so they are passed over; this is a precise counter-role to the stigmatizing brand in the commentary's Q 68 scene: a mark can distinguish and spare.
strong	tevrat	soydas	WLC:Exod.3.15	Arabic ism / Hebrew shem, “name”	The frozen commentary labels Q 87:1's word “name” under a disputed w-s-m branch. Hebrew shem here is YHWH's enduring self-designation and memorial across generations; the name-word correspondence is a possible Semitic cognate, without validating the commentary's debated branding etymology.
strong	tevrat	motif	WLC:Eccl.12.14	hidden things and good or evil judged	The verse says God brings every deed, including every hidden thing, into judgment, whether good or evil; it closely joins the commentary's “knows the hidden” clause to its reading of traces that reveal good and evil.
strong	tevrat	motif	WLC:Ps.139.4	word known before it is spoken	The psalm says YHWH knows a word before it reaches the speaker's tongue; this specifies divine knowledge of what is concealed behind public speech, as in the commentary's open/hidden pairing.
medium	tevrat	motif	WLC:1Sam.16.7	face versus heart	Humans see outward appearance, but YHWH sees the heart; beside the commentary's readable marks on faces and its claim that God knows what is hidden, this warns that an exterior sign and inward state are not identical.
medium	tevrat	motif	WLC:Gen.4.15	Cain's protective mark	YHWH puts a sign on Cain so that anyone who finds him will not kill him; unlike the humiliating brand in the commentary's Q 68 example, this bodily sign protects a marked offender.
medium	tevrat	motif	WLC:Song.8.6	seal on heart and arm	The lover asks to be set as a seal on heart and arm, a durable bodily claim of love; it offers a distinct intimate use of the commentary's seal-like mark, binding the marked person to another.
medium	tevrat	motif	WLC:Gen.19.24	fire and sulfur on Sodom	Genesis tells the destruction of Sodom and Gomorrah by fire and sulfur; it is the Torah narrative behind the commentary's appeal to the ruined Lot-city as a readable sign.
strong	tevrat	paralel	WLC:Gen.19.25	cities overthrown	The cities and surrounding plain are overthrown in the Lot narrative, directly matching the commentary's scene of the settlements turned upside down and supplying the story's own account of the ruin later read as a sign.
medium	tevrat	motif	WLC:Gen.19.28	smoke rising from the destroyed land	Abraham looks toward Sodom and sees smoke rising like smoke from a furnace; the visible aftermath is a trace by which a witness can recognize what happened, close to the commentary's readers of ruined places.
strong	tevrat	yorum_gelenegi	Wisdom of Solomon 10:7	smoking wasteland; pillar of salt as memorial	Wisdom retells Lot's escape and describes the cities' smoking waste and the salt pillar as a monument to an unbelieving soul; it makes the remains themselves evidence of the event, illuminating the commentary's “signs for those who read” the ruined site.
strong	tevrat	yorum_gelenegi	Wisdom of Solomon 10:8	failure left as a reminder that cannot be hidden	Wisdom says those who rejected wisdom failed to recognize good and left a memorial of folly so their failures could not remain hidden; this interprets the surviving ruin as a trace that teaches later observers, closely matching the commentary's reading of signs in a destroyed place.
medium	tevrat	motif	3 Maccabees 2:28	forced ivy mark of Dionysus	Ptolemy's decree brands Jews with Dionysus's ivy symbol and reduces them to a subjected status; this makes a bodily mark an imposed religious-identity sign, unlike the individual punitive nose brand in the commentary. Verse wording and numbering can vary by edition.
strong	tevrat	yorum_gelenegi	Babylonian Talmud, Shabbat 55a	Ezekiel's forehead marks; ink and blood	The rabbis read Ezekiel's mark as different signs for righteous and wicked, then debate the hidden failure of the righteous to protest; this connects bodily signs with God's knowledge of concealed moral responsibility, complicating the mark's simple protective role.
medium	tevrat	yorum_gelenegi	Mishnah, Makkot 3:6	tattoo as writing; Rabbi Shimon's name condition	The Mishnah discusses Lev 19:28's tattoo ban and Rabbi Shimon's view that liability requires writing a name; it makes the content of a skin mark, specifically a name, matter alongside the commentary's name/brand association.
weak	tevrat	motif	WLC:Lev.19.28	prohibition on incisions and tattoos	Leviticus forbids gashing the flesh for the dead and tattoo marks; against the commentary's pious trace of prostration and punitive brand, it supplies a distinct Israelite boundary on inscribing the body.
medium	tevrat	soydas	WLC:Dan.3.6	Biblical Aramaic nûr, “fire”; furnace for image-refusal	The commentary labels the source root of Qur'anic al-nār as n-w-r and develops fire as a camel brand; Biblical Aramaic nûr in Daniel names the furnace imposed on those who refuse the king's image. The cognate fire-word appears in a scene where worship allegiance carries a fiery penalty, though Daniel's furnace is not a brand.
medium	tevrat	motif	WLC:Jer.31.33	law written on the heart	YHWH writes the covenant instruction on the people's hearts; this gives an inward, lasting inscription alongside the commentary's bodily mark and its claim that a person's chosen relation leaves a trace.
strong	incil	motif	SBLGNT:John.10.3	shepherd calls his own sheep by name	The shepherd calls his own sheep by name and leads them out; the passage joins naming with ownership and recognition, directly clarifying the commentary's interpretation of the Lord's name as a sign of whose something is.
strong	incil	motif	SBLGNT:1Cor.6.20	bought with a price; glorify God in the body	Paul says believers were bought and therefore must glorify God in their bodies; this brings the commentary's owner-mark reading of glorifying the Lord's name onto the body itself, while using ethical language rather than a brand.
strong	incil	motif	SBLGNT:2Tim.2.19	God's seal; the Lord knows his own	The verse describes God's foundation as bearing a seal: the Lord knows those who are his, and those who name the Lord must turn from wrongdoing. It unites name, ownership, distinguishing knowledge, and keeping the sign morally clean, closely matching the commentary's developed reading.
strong	incil	motif	SBLGNT:Rev.14.1	Father's and Lamb's names on foreheads	The Lamb's followers bear the names of the Father and Lamb on their foreheads; this is a direct image of divine names as visible belonging marks, corresponding to the commentary's name-as-owner-sign and its facial traces of worship.
strong	incil	motif	SBLGNT:Rev.14.9	beast's mark and worship	The angel warns against worshiping the beast and receiving its mark on forehead or hand; like the commentary's contrast between the Lord's name and a hostile mark, this sign identifies a rival allegiance, though the source's punitive brand is aimed at a denier rather than a worshiping community.
strong	incil	motif	SBLGNT:Rev.14.10	fire for those marked and worshiping	The next verse makes the marked beast-worshiper's fate torment in fire and sulfur; Revelation thus explicitly joins the mark and fire that the commentary sets as opposed traces, with a different allegiance determining the outcome.
medium	incil	motif	SBLGNT:Rev.13.17	mark/name/number as trade credential	The mark, beast's name, or number is required to buy or sell; this adds the mark's public social function as a way to identify and separate people, beyond its bodily placement.
strong	incil	motif	SBLGNT:Gal.6.17	marks of Jesus on Paul's body	Paul says he bears Jesus's marks on his body; these scars identify the allegiance and service that have left a trace, offering a Christian bodily-mark counterpart distinct from a branded animal or punitive stigma.
medium	incil	motif	SBLGNT:John.20.25	nail marks as bodily evidence	Thomas demands to see the mark of the nails and the wound in Jesus's side; the wounds are bodily traces used to recognize the crucified person, paralleling the commentary's claim that a mark on a body can be read.
medium	incil	motif	SBLGNT:Matt.6.17	washed face during fasting	Jesus tells the fasting person to wash and anoint the face so the fast is not displayed to others, while the Father sees in secret; this offers a contrary reading to the commentary's visible prostration mark by locating devotional recognition in concealed practice.
strong	incil	motif	SBLGNT:Matt.7.16	known by fruits	Jesus says people are recognized by their fruits; the produced result functions as a readable trace of the source, matching the commentary's explanation of athar as what remains and its claim that good and evil can be discerned from a mark.
medium	incil	motif	SBLGNT:Matt.7.19	fruitless tree thrown into fire	The bad tree that fails to make good fruit is cut down and thrown into fire; this uniquely joins the commentary's readable good/bad trace with its other image of fire as the fate of the rejected.
medium	incil	motif	SBLGNT:Mark.4.22	hidden things brought to light	Jesus says hidden things are destined to be disclosed; the verse concerns eventual revelation rather than God's present omniscience, but it connects the commentary's hidden trace with its public/hidden distinction.
strong	incil	motif	SBLGNT:Heb.4.13	nothing hidden; all laid bare before God	No creature is hidden from God's sight and all is exposed before the one to whom account is given; this develops the commentary's statement that God knows the open and hidden and that traces can disclose a person's condition.
strong	incil	yorum_gelenegi	SBLGNT:Rom.2.29	circumcision of heart by the Spirit	Paul interprets true circumcision as inward, of the heart and Spirit rather than letter; this re-reads the fleshly covenant sign of Genesis 17 and brings an invisible moral trace beside the commentary's literal brand and outward prayer mark.
strong	incil	motif	SBLGNT:2Cor.4.18	seen transient; unseen eternal	Paul contrasts what is seen and temporary with what is unseen and eternal; this meets both the commentary's visible/invisible trace and its contrast between preferred worldly life and the more enduring hereafter.
strong	incil	motif	SBLGNT:1John.2.17	world passing; God's will remains forever	The world and its desires pass away, while the one doing God's will remains forever; this directly answers the commentary's “you prefer worldly life” beside “the hereafter is better and more lasting.”
medium	incil	motif	SBLGNT:Matt.6.19	earthly treasure destroyed	Jesus warns that earthly treasure is vulnerable to moth and decay; this gives a concrete instance of the worldly life that does not endure, setting up the commentary's contrast with the lasting hereafter.
strong	incil	motif	SBLGNT:Matt.6.20	treasure in heaven not destroyed	Heavenly treasure cannot be destroyed or stolen; this is a concrete counterpart to the commentary's claim that the hereafter is better and more enduring than worldly life.
medium	incil	motif	SBLGNT:Matt.6.21	heart follows its treasure	Jesus says the heart is where one's treasure is; it links preference to an inward mark or orientation, specifying how what one values identifies the person.
strong	incil	motif	SBLGNT:Heb.11.25	Moses chooses hardship over sin's fleeting pleasure	Moses chooses mistreatment with God's people over temporary enjoyment in sin; the passage gives a concrete reversal of preferring present worldly life and shows a chosen allegiance that shapes a life.
strong	incil	motif	SBLGNT:Heb.11.26	reproach accepted for future reward	Moses considers disgrace for the anointed greater wealth than Egypt's treasures because he looks to the reward; it explicitly links choosing what is lasting with what is better, echoing the commentary's contrast of worldly preference and the enduring hereafter.
strong	incil	motif	SBLGNT:1Cor.3.13	work disclosed and tested by fire	Each one's work becomes manifest at the Day and is tested by fire; this joins the commentary's residue that distinguishes a person with its fire image, as actions are exposed and their quality shown.
strong	incil	yorum_gelenegi	SBLGNT:2Pet.2.6	Sodom reduced to ashes as an example	Peter says God reduced Sodom and Gomorrah to ashes and made them an example of what awaits the ungodly; it interprets the Lot-city's destruction as a readable warning, complementing the commentary's signs in the ruined site.
strong	incil	yorum_gelenegi	SBLGNT:Jude.1.7	Sodom as example of punishment by eternal fire	Jude presents Sodom and neighboring cities as an example by undergoing punishment of eternal fire; the Christian interpretation makes the destroyed place a sign of the future fiery fate, joining the commentary's readable ruins and Great Fire.
medium	tevrat	motif	WLC:Exod.20.7	misuse of YHWH's name	The command forbids bearing YHWH's name falsely and says the guilty will not be acquitted; it gives a concrete ethical counterpart to the commentary's secondary hearing of glorifying the name as keeping the Lord's identifying mark free from fault.
strong	tevrat	motif	WLC:Lev.24.11	blasphemy of the Name	The narrative identifies a man who blasphemes and curses the Name; this directly intersects the commentary's concern for the Lord's name and its account of a denier whose contemptuous speech earns a bodily stigma.
medium	tevrat	motif	WLC:Lev.24.16	penalty for blaspheming the Name	The same law sentences the blasphemer of YHWH's name to death; it adds a concrete sanction for dishonoring the name beside the commentary's punitive mark for dismissing revelation.
strong	tevrat	motif	WLC:Ezek.36.23	sanctifying a profaned name	YHWH says he will sanctify his great name, which Israel profaned among the nations; this directly develops the commentary's secondary sense of keeping the Lord's name-mark free of blemish, and makes public reputation part of the issue.
medium	tevrat	motif	WLC:Ezek.23.25	nose and ears cut; survivors consumed by fire	In the allegory of Jerusalem and Samaria's infidelity, enemies mutilate the women's faces and the remnant is consumed by fire; it supplies a concrete judgment-image of facial stigma joined to fire, while the context and instrument differ from the commentary's brand.
strong	tevrat	motif	WLC:Gen.4.10	Abel's blood cries from the ground	Cain's hidden murder is disclosed when Abel's blood cries to God from the ground; this is a specific trace left on earth that reveals an act and its agent, enriching the commentary's claim that an effect can remain visible or unseen.
strong	tevrat	motif	WLC:Isa.49.16	Zion engraved on God's palms	YHWH says Zion is engraved on his palms and continually before him; this reverses the commentary's owner-mark image, showing the marked person preserved in the owner's memory, and adds permanence to the trace.
medium	tevrat	motif	WLC:Exod.28.38	forehead plate and acceptance of offerings	Aaron bears the guilt attached to the sacred gifts on the forehead plate so the offerings may be accepted; this continuation gives the inscribed holiness a cleansing and acceptance function beside the commentary's call to keep the Lord's mark pure.
strong	tevrat	motif	WLC:Jer.23.24	no hiding place from YHWH	YHWH asks whether anyone can hide where he cannot see and says he fills heaven and earth; it directly specifies that concealed conduct remains within divine sight, as in the commentary's public/hidden pair.
medium	tevrat	motif	WLC:Dan.2.22	God reveals hidden things and knows darkness	Daniel's prayer says God reveals deep and hidden things and knows what is in darkness; this supplies a close biblical-Aramaic formulation of divine knowledge of the concealed alongside the commentary's explicit open/hidden clause.
strong	tevrat	motif	WLC:Mal.3.16	book of remembrance for those who esteem YHWH's name	A book of remembrance is written for those who fear YHWH and esteem his name; it makes devotion leave a durable written trace and connects remembrance of the name with later recognition.
strong	tevrat	motif	WLC:Mal.3.18	distinction between the righteous and the wicked	The audience will again see a distinction between the righteous and wicked, between one who serves God and one who does not; this specifies the commentary's claim that a mark distinguishes one person from another by the allegiance it records.
strong	tevrat	motif	WLC:Exod.24.7	book of the covenant read aloud	Moses reads the book of the covenant to Israel, who answer to its words; this gives a concrete scriptural witness for the commentary's contrast between dismissing ancient accounts as tales and receiving the earliest writings as revelation.
strong	tevrat	motif	WLC:Deut.31.26	Moses' scroll kept as a witness	Moses orders the written law to be placed beside the ark as a witness against Israel; this directly illuminates the surah's appeal to the scrolls of Moses after the commentary's denier labels the stories of the ancients fables.
medium	tevrat	paralel	WLC:Gen.19.26	Lot's wife becomes a pillar of salt	During the escape from Sodom, Lot's wife becomes a pillar of salt; this is an individual bodily remnant within the same destruction story, later read in Wisdom 10:7 as a memorial, adding a concrete trace beside the commentary's ruined-city signs.
strong	tevrat	yorum_gelenegi	Wisdom of Solomon 1:10	secret speech is not hidden	Wisdom says every utterance is heard and no secret whisper escapes; this gives a Jewish formulation of concealed speech remaining knowable, particularly apt beside the commentary's open/hidden knowledge and its judged denier's words.
strong	tevrat	yorum_gelenegi	Babylonian Talmud, Rosh Hashanah 16b	people inscribed and sealed for life or death	The rabbinic judgment tradition pictures books opened and the wholly righteous sealed for life, the wholly wicked for death; it interprets a written mark as distinguishing moral status and fate, extending the commentary's identity-mark contrast into an eschatological register.
strong	incil	motif	SBLGNT:2Cor.3.3	Christ's letter written on hearts and read by all	Paul calls the community a letter of Christ, written by the Spirit on human hearts and known and read by everyone; this is an inward trace that identifies its source and can be read, directly developing the commentary's mark-and-recognition relation.
strong	incil	motif	SBLGNT:2Cor.1.22	God's seal and Spirit in hearts	Paul says God set his seal on believers and gave the Spirit in their hearts as a pledge; this specifies an inward divine mark of belonging and a lasting guarantee, distinct from the name-inscription in the commentary.
strong	incil	yorum_gelenegi	SBLGNT:Rom.4.11	circumcision interpreted as a seal of faith	Paul calls Abraham's circumcision a sign and seal of the righteousness of faith he already had; this Christian reading interprets the fleshly sign in Genesis 17 as certifying an inward allegiance, adding a distinct meaning to the commentary's mark of ownership.
strong	incil	motif	SBLGNT:Rev.7.3	God's servants sealed on their foreheads before harm	The servants of God receive a seal on their foreheads before the earth is harmed; besides Revelation 14's names of belonging, this mark specifically distinguishes and protects a community before destruction, like Ezekiel's spared mourners.
strong	incil	motif	SBLGNT:Matt.12.36	account for every careless word at judgment	Jesus says people will give account on judgment day for every careless word; this connects the commentary's denier's spoken dismissal and God's knowledge of the open and hidden with a verbal trace that carries consequences.
medium	incil	motif	SBLGNT:Matt.12.37	words justify or condemn	Jesus says a person is justified or condemned by their words; this adds the words' role as evidence that distinguishes a person's standing, alongside the commentary's punishment of one who calls revelation ancient fables.
strong	incil	motif	SBLGNT:1Cor.4.5	hidden heart-counsels disclosed; praise from God	At the Lord's coming, hidden things of darkness and heart-counsels are brought to light, and each receives praise from God; this joins concealed traces, divine recognition, and moral evaluation in a way close to the commentary's open/hidden knowledge.
medium	incil	motif	SBLGNT:Jas.3.9	one tongue blesses God and curses people	James says the tongue blesses the Lord and Father yet curses people made in God's likeness; it gives a specific ethical test for honoring God's name, relevant to the commentary's contrast between glorifying the Lord and contemptuous speech.
strong	incil	motif	SBLGNT:Luke.9.25	gain the world and forfeit oneself	Jesus asks what profit there is in gaining the whole world while losing or forfeiting oneself; this sharply reverses preference for worldly life and specifies its cost beside the commentary's better, lasting hereafter.
strong	incil	motif	SBLGNT:Gal.6.8	sowing to flesh or Spirit yields corruption or eternal life	Paul says sowing to flesh reaps corruption while sowing to the Spirit reaps eternal life; the harvested result is a trace of one's chosen orientation, directly linking preference, remainder, and lasting fate.
strong	incil	motif	SBLGNT:Rom.6.21	fruit of former conduct ends in death	Paul asks what fruit came from former shameful practices and says their end is death; the fruit is a readable remainder of chosen conduct, tied to the fate that contrasts with the commentary's lasting hereafter.
strong	incil	motif	SBLGNT:Rom.6.22	fruit of holiness and end of eternal life	Freed from sin and enslaved to God, believers bear fruit for holiness whose end is eternal life; this combines the commentary's owner relation, trace of action, and lasting destiny in one passage.
medium	incil	motif	SBLGNT:Matt.25.40	acts toward the least counted as acts toward the king	In the judgment scene, care for the least is counted as service to the king; deeds become the trace by which allegiance is recognized, giving a concrete ethical counterpart to the commentary's claim that preference leaves an identifying mark.
strong	incil	motif	SBLGNT:Matt.25.46	eternal punishment and eternal life	The judgment ends with the two groups sent to eternal punishment or eternal life; this supplies a specific Christian formulation of the commentary's contrast between the fire-bound and the better, enduring hereafter.
strong	incil	motif	SBLGNT:Rev.20.12	books opened; the dead judged by their deeds	The dead are judged according to their deeds recorded in opened books; this turns the commentary's trace into an eschatological record that exposes and distinguishes each person's conduct.
strong	incil	motif	SBLGNT:Rev.20.15	name absent from the book of life; lake of fire	Anyone not found written in the book of life is thrown into the lake of fire; this explicitly makes a written name the mark distinguishing the saved from those assigned to fire, uniting the commentary's owner-sign and fire images.
