strong	43:44	root+theme+speaker	The section glosses its root ذ ك ر as fame and praise; the Quran calls this a remembrance “for you and your people” (لذكر لك ولقومك) and says they will be questioned about it, giving the Prophet’s elevated mention a communal horizon.
strong	24:36	scene+root+theme	The section joins its root ر ف ع, raising, to ذ ك ر, remembrance; this verse joins houses being raised with His name being mentioned in them (أن ترفع ويذكر فيها اسمه), picturing honor enacted in a place of worship.
strong	7:157	scene+root+theme	The section’s verb و ض ع means setting something down, and 94:2 sets a burden off the Prophet; here the Messenger “removes from them their burden and shackles” (يضع عنهم إصرهم والأغلال), extending that concrete release to his followers.
contrast	6:31	scene+contrast	The section’s burden word وِزْر and the back ظَهْر meet their reversal at the Hour: deniers “carry their burdens on their backs” (يحملون أوزارهم على ظهورهم), making the back bear what 94 says was taken off it.
strong	55:7	root+scene+contrast	The section defines roots و ض ع and ر ف ع as opposites; this verse uses both in one ordered scene, raising the heaven and setting down the balance (والسماء رفعها ووضع الميزان). The different objects clarify how opposed motions can serve distinct purposes.
strong	58:11	scene+root+theme	The section’s dictionary gloss ص د ر includes the head place of an assembly, and its root ر ف ع includes raising in rank; after believers make room in gatherings, this verse says God raises believers and knowledge-holders by degrees (يرفع الله ... درجات), joining the two details.
strong	20:25	scene+root+speaker	Moses asks his Lord, “open my chest” (رب اشرح لي صدري), using the same chest image as 94:1. The petition places the opening in preparation for a difficult commission, while 94 recalls it as a granted favor.
contrast	6:125	scene+root+contrast	The section’s opening-chest image has a direct reversal here: God opens a person’s chest to Islam, but makes another’s chest tight and constricted (يشرح صدره للإسلام ... يجعل صدره ضيقا حرجا). It shows the same inner capacity as both gift and deprivation.
strong	7:2	scene+root+theme	The section’s chest image and raised remembrance meet in this address about revelation: “let there be no tightness in your chest about it” (فلا يكن في صدرك حرج منه), then the verse calls the Book a reminder for believers (وذكرى للمؤمنين). It links the Prophet’s ease to the message he carries.
strong	15:97	scene+speaker+contrast	The section recalls the Prophet’s chest opened and burden removed; here God says He knows the Prophet’s chest tightens at what people say (يضيق صدرك بما يقولون). The shared addressee makes this a precise counter-scene of distress caused by speech.
strong	20:2	speaker+theme+contrast	The section describes a burden lifted from the Prophet; this address says the Quran was not sent down to make him miserable (ما أنزلنا عليك القرآن لتشقى), a direct statement of relief in the same prophetic address.
medium	20:3	root+neighbour+theme	The preceding 20:2 says the Quran was not sent to distress the Prophet; this verse’s own contribution is to call it a reminder (إلا تذكرة لمن يخشى), connecting the section’s lifted burden and raised ذ ك ر to the message’s purpose.
strong	20:99	root+speaker+theme	The section treats ذ ك ر as something bestowed for the Prophet; after recounting earlier peoples, this verse says, “We have given you from Us a reminder” (وآتيناك من لدنا ذكرا), a direct parallel in speaker, recipient, and gift.
contrast	20:100	root+contrast+neighbour	The preceding 20:99 identifies the gift as a reminder; this verse’s own claim is that whoever turns away from it carries a burden on Judgment Day (فإنه يحمل يوم القيامة وزرا). It makes the section’s pairing of raised remembrance and removed weight consequential in the opposite direction.
strong	19:50	scene+root+speaker	The section’s raised-name image is echoed by God making for Abraham’s family “a lofty tongue of truth” (لسان صدق عليا). Here lasting truthful praise is granted to them, matching the section’s link between renown and honor.
strong	26:84	speaker+theme+neighbour	Abraham asks God to grant him “a tongue of truth among later generations” (لسان صدق في الآخرين); the prayer anticipates 19:50, where God grants his family a lofty tongue of truth, and makes enduring mention an explicitly requested favor.
strong	21:10	root+theme	The section cites the wording “a book in which is your remembrance” (فيه ذكركم) and notes that ذ ك ر can mean honor as well as recollection. The verse lets the Book carry the community’s remembrance, though that word may also mean admonition.
medium	19:56	root+neighbour+theme	This verse tells the reader to remember Idris in the Book (واذكر في الكتاب إدريس); its own contribution is the act of textual remembrance, while the next verse, 19:57, says God raised him to a high place, bringing mention and elevation together.
contrast	19:57	root+contrast+neighbour	The section stresses that 94:4 raises the Prophet’s name, not his person; here God says He raised Idris to a high place (ورفعناه مكانا عليا). The bodily/person-directed wording provides a specific counter-image, while 19:56 first commands that Idris be remembered in the Book.
strong	2:253	root+theme	The section cites God’s raising some messengers by degrees (ورفع بعضهم درجات); this verse states that He raised some messengers above others in rank, directly locating divine elevation in prophetic status.
strong	6:83	root+theme	After Abraham’s argument against his people, the section cites the declaration “We raise by degrees whom We will” (نرفع درجات من نشاء). It makes rank a divine grant within the very Abraham narrative that frames the section’s comparison.
strong	40:15	root+theme	The section’s root ر ف ع includes elevation of rank; this verse names God “Exalter of degrees” (رفيع الدرجات) and immediately describes revelation being sent to a chosen servant, giving elevation a divine source and prophetic setting.
medium	43:32	root+contrast+theme	The section’s elevation vocabulary includes rank; this verse says God has raised some people above others in degrees (ورفعنا بعضهم فوق بعض درجات) while distributing livelihoods, showing social rank as differentiated provision rather than the Prophet’s raised renown.
medium	6:165	root+contrast+theme	The section’s root ر ف ع extends to rank; here people are made successors on earth and raised above one another in degrees as a test (ورفع بعضكم فوق بعض درجات ليبلوكم). The verse marks worldly elevation as an allotted trial, distinct from honor in remembrance.
medium	12:76	root+theme	In Joseph’s story, the section’s cited elevation formula recurs: “We raise by degrees whom We will” (نرفع درجات من نشاء). This places divinely granted rank within a scene of judgment and knowledge, broadening the image beyond public fame.
contrast	56:3	root+contrast	The section pairs lowering a burden with raising a name; this verse describes the Event as lowering and raising (خافضة رافعة). Its reversal makes status unstable at judgment, unlike the specific favor of the Prophet’s enduring mention.
contrast	7:176	root+contrast	The section’s dictionary gloss ر ف ع includes honor and height; here God says He could have raised a sign-bearer by the signs, but he clung to the earth (لرفعناه بها ولكنه أخلد إلى الأرض). It is a specific reversal of elevation into low attachment.
contrast	3:55	root+contrast	The section says 94:4 raises the Prophet’s remembrance rather than his person; in Jesus’s address God says, “I will raise you to Me” (ورافعك إلي). Whatever the mechanics of this raising, its grammatical object is Jesus himself, a person-directed counter-image.
contrast	12:100	scene+root+contrast	The section distinguishes a raised name from a raised person; Joseph seats his parents above him on the throne (ورفع أبويه على العرش), an explicit bodily elevation that sharpens that distinction.
contrast	18:97	root+scene+contrast	The section’s dictionary gloss of ظ ه ر includes getting on top of something (ظهرت البيت علوته); this verse says the people could not climb over Dhul-Qarnayn’s barrier (فما اسطاعوا أن يظهروه), a concrete limit on rising above an obstacle.
strong	35:10	root+theme+scene	The section’s root ر ف ع includes elevating renown in speech; here good words ascend to God and righteous deeds raise them (إليه يصعد الكلم الطيب والعمل الصالح يرفعه). It makes verbal worth, not bodily height, the thing lifted.
medium	17:79	speaker+theme	The section’s “for you” raised remembrance is addressed to the Prophet; here God promises to raise him to a praised station (مقاما محمودا). The shared addressee and praise connect enduring honor with an elevated standing.
medium	33:56	theme+speaker	The section glosses ذ ك ر as renown and praise; this command for believers to invoke blessings on the Prophet gives a concrete communal practice of honoring him, though the verse describes blessings rather than raising his name.
medium	61:6	theme+speaker	The section’s raised-name image concerns a Prophet known beyond his own time; Jesus announces a messenger after him by name (اسمه أحمد). This is a specific case of a prophetic identity transmitted through earlier speech, not an explicit statement that the name is raised.
medium	2:152	root+theme	The section’s root ذ ك ر includes remembrance as well as renown; here God says, “remember Me, I will remember you” (فاذكروني أذكركم). The reciprocity gives divine remembrance as a distinct form of favor alongside public praise.
contrast	35:18	scene+contrast	The section says the Prophet’s burden was set off him; this verse describes a burdened soul calling another to carry some, but none can carry it, even a close relative (وإن تدع مثقلة إلى حملها لا يحمل منه شيء ولو كان ذا قربى). It sets a boundary: removal of one person’s burden is not transfer to someone else.
contrast	53:38	scene+root+contrast	The section names the Prophet’s burden as وِزْر; this passage states that no burden-bearer carries another’s burden (ألا تزر وازرة وزر أخرى), making personal responsibility the boundary around the burden removed from him.
medium	17:15	root+contrast+theme	The section’s burden word وِزْر is repeated in the rule that no bearer bears another’s burden (ولا تزر وازرة وزر أخرى); this verse sets that rule beside the sending of a messenger, so a burden is accountable to one’s own response to guidance.
medium	6:164	root+contrast	In a passage insisting that each soul earns for itself, this verse repeats that no bearer bears another’s burden (ولا تزر وازرة وزر أخرى). It sharpens the section’s “from you” wording as a personal, not transferable, release.
medium	39:7	root+contrast	This verse repeats that no burden-bearer carries another’s burden (ولا تزر وازرة وزر أخرى) while saying God has no need of human disbelief; it frames the section’s personal burden as neither shared nor something God needs.
contrast	29:13	scene+contrast	The section’s burden is taken off one person; here those who mislead others are said to carry their own burdens plus additional burdens with them (وليحملن أثقالهم وأثقالا مع أثقالهم). It shows the opposite case where leading others astray adds weight to one’s account.
contrast	2:286	scene+contrast+speaker	The section remembers God removing the Prophet’s burden; in this supplication believers ask, “do not place upon us a burden like that laid upon those before us” (ولا تحمل علينا إصرا كما حملته على الذين من قبلنا). It turns relief into a plea that such weight not be imposed.
weak	73:5	scene+theme	The section does not identify the Prophet’s burden with revelation, so this is only a possible parallel: God says He will cast upon him a “heavy word” (قولا ثقيلا). It makes prophetic speech a weighty commission, without defining the burden of 94:2.
weak	48:2	speaker+theme	The section does not say whether its burden is sin, so this remains uncertain; in the same direct address to the Prophet, God promises to forgive his earlier and later wrong (ليغفر لك الله ما تقدم من ذنبك وما تأخر). It offers a specific possible moral counterpart to a burden being removed.
contrast	3:26	theme+contrast	The section’s dictionary gloss for ر ف ع makes elevation the opposite of disgrace; this verse pairs God’s honoring whom He wills with humbling whom He wills (تعز من تشاء وتذل من تشاء), stating that boundary directly.
contrast	22:18	theme+contrast	The section defines elevation against humiliation; this verse says that one whom God humiliates has no one to honor him (ومن يهن الله فما له من مكرم). It makes divine elevation a status no human can confer against God’s judgment.
medium	39:22	scene+root+contrast	Like the section’s opened chest, this verse describes a chest opened to Islam and then contrasts it with hearts hardened against God’s remembrance (شرح الله صدره للإسلام ... للقاسية قلوبهم من ذكر الله). It joins chest-capacity to the reception of remembrance.
contrast	26:13	scene+root+contrast	Moses says his chest is tight and his tongue will not flow (ويضيق صدري ولا ينطلق لساني), a concrete opposite to the section’s opened chest; the speech difficulty also makes bodily capacity relevant to a prophetic commission.
medium	15:98	speaker+neighbour+theme	The preceding 15:97 says the Prophet’s chest tightens at what people say; this verse’s own contribution is to command glorification and prostration (فسبح بحمد ربك وكن من الساجدين), placing praise beside that distress and echoing the section’s praise sense of ذ ك ر.
medium	18:20	root+scene+contrast	The section’s dictionary form ظهرت على الرجل means prevailing over someone; the youths fear that their people might prevail over them (إنهم إن يظهروا عليكم يرجموكم). It gives a concrete human conflict for the root’s “get above/overcome” sense.
medium	9:33	root+theme	The section’s dictionary branch for ظ ه ر includes prevailing over someone; here God sends the Messenger with guidance and the true religion “to make it prevail over all religion” (ليظهره على الدين كله), applying that root to public triumph.
medium	48:28	root+theme	This verse repeats the section’s root-sense of prevailing: God sent His Messenger with guidance and the true religion “to make it prevail over all religion” (ليظهره على الدين كله). The repeated formulation gives the “rise over” sense a religious and public setting.
medium	61:9	root+theme	The section’s dictionary branch for ظ ه ر includes prevailing over another; this verse again says the Messenger was sent with guidance and truth “to make it prevail over all religion” (ليظهره على الدين كله), a public triumph sense rather than bodily elevation.
weak	38:1	root+theme	The section glosses ذ ك ر as honor and renown; the opening oath calls the Quran “possessor of remembrance” (ذي الذكر). If الذكر here means eminence, it directly parallels raised renown; if it means admonition, the connection is only the shared root.
medium	56:10	scene+theme	The section’s dictionary gloss ص د ر includes the foremost part, and its horse example reaches the finish first by its chest; this verse identifies “the foremost” (والسابقون السابقون). It gives a nonlexical Quranic parallel between being first and elevated standing.
medium	57:21	scene+theme	The section’s ص د ر dictionary example describes a horse taking the lead with its chest; this verse tells people to race toward forgiveness and a garden (سابقوا إلى مغفرة من ربكم وجنة). The Quran applies forward precedence to seeking divine reward.
medium	83:26	scene+theme	The section’s chest-of-the-horse gloss makes first place visible as a race; this verse says that for the lasting reward, competitors should compete (وفي ذلك فليتنافس المتنافسون), a specific moral contest rather than a claim about bodily rank.
strong	37:76	scene+neighbour+theme	This verse’s own contribution is that God saves Noah and his family from great distress; the same passage leaves a mention for Noah in 37:78 and greets him in 37:79. It brings relief from distress together with a lasting prophetic name, as the section does with the removed burden and raised remembrance.
strong	37:78	theme+neighbour	The section treats a raised name as lasting renown; here God says He leaves Noah remembered among later generations. The next verse’s peace upon Noah shows what that continuing mention looks like, while this ayah supplies the legacy claim itself.
strong	37:108	theme+neighbour	The section cites Abraham’s prayer for a truthful name among later generations; here the Quran says God left Abraham a mention among later people. The following verse’s greeting of peace on Abraham gives that renown a form of praise.
strong	37:119	theme+neighbour	The section links elevated remembrance to prophetic honor; this verse says God left Moses and Aaron a mention among later generations. The next verse’s peace upon both is the passage’s explicit honoring response.
strong	37:129	theme+neighbour	The section’s raised-name image is repeated for Elijah: this verse says God left him a mention among later generations, and the next verse greets him with peace. Its own contribution is the continuing legacy claim.
strong	4:112	scene+contrast+theme	The section’s secondary gloss for ظ ه ر describes a fault that does not attach to the innocent; this verse says one who casts a sin onto an innocent person bears slander and clear wrongdoing himself. It specifies where the blame and burden actually remain.
medium	22:2	scene+root+theme	The section’s root و ض ع describes setting a burden down; at the Hour, this verse says every pregnant woman puts down her pregnancy. The shared bodily act makes the burden’s release concrete, though the verse’s scene is the terror of Judgment.
medium	28:76	scene+theme	The section pictures a weight so heavy it strains the Prophet’s back; this verse describes Qarun’s keys as heavy enough to burden a band of strong men. It supplies a literal load whose weight is visible through those trying to carry it.
medium	99:2	scene+contrast	The section’s burden is removed from a person; at the final shaking, this verse says the earth casts out its loads. It transfers the image to the earth itself and makes discharged weight an end-time scene.
medium	13:28	root+theme+scene	The section joins an opened chest with the root ذ ك ر as remembrance and honor; this verse says hearts find rest through remembrance of God. It connects remembrance to an easing of the inner state, while using remembrance devotionally rather than as public renown.
contrast	22:46	scene+contrast	The section’s opened chest presents inward capacity as a divine gift; this verse says it is hearts within chests that can become blind. That specific inward obstruction contrasts with the section’s opened capacity and grounds the image in perception.
medium	2:127	root+scene+theme	The section’s root ر ف ع includes literal raising as well as honor; Abraham and Ishmael raise the foundations of the House. This is a concrete physical use of the verb by Abraham, whose lasting name the section also discusses.
contrast	63:8	theme+contrast+speaker	The section defines elevation as honor and its opposite as humiliation; this verse answers a boast that the more honored would expel the more humble by stating that honor belongs to God, His Messenger, and believers. It places the Prophet’s honor under God’s grant rather than human status claims.
contrast	89:15	theme+contrast+neighbour	This verse reports a person reading abundant provision as proof that God has honored him; the next two verses give the opposite reading and reject the inference. Its own contribution is the first mistaken equation of provision with honor, a useful boundary for the section’s raised-name image.
contrast	89:16	theme+contrast+neighbour	This verse reports a person reading restricted provision as humiliation; 89:15 supplies the opposite claim, and 89:17 corrects both. Its own contribution shows that hardship does not itself mean the person has been lowered.
contrast	89:17	theme+contrast+neighbour	This verse rejects the preceding claims that abundance means honor and scarcity means humiliation, then points to failure to honor the orphan. It clarifies that the section’s elevation of a name is honor, not merely a material condition.
medium	2:124	speaker+theme+contrast	God tells Abraham He will make him a leader for people, then says His covenant does not reach wrongdoers. The section’s Abraham examples concern lasting honor; this passage gives him an explicit rank and a boundary on who can claim it.
medium	2:130	theme+speaker	This verse says God chose Abraham in worldly life and counts him among the righteous in the Hereafter. It adds a direct divine judgment of Abraham’s standing to the section’s picture of his enduring, elevated name.
medium	49:13	theme+contrast	The section’s dictionary gloss connects elevation with honor; this verse says the most honored before God is the most mindful, not a person’s lineage. It supplies a criterion for honor that distinguishes divine worth from inherited status.
medium	9:100	scene+theme	The section’s ṣ-d-r gloss includes the foremost part, and its horse reaches the finish first by its chest; this verse names the earliest forerunners among the migrants and helpers, then says God is pleased with them. It gives precedence a concrete communal honor.
weak	93:11	theme+speaker	The section’s root ذ ك ر includes public mention and praise; this command tells the Prophet to speak of his Lord’s blessing. The connection is indirect because the verse publicizes God’s favor rather than the Prophet’s name, but it gives a specific response to bestowed favor.
medium	17:13	scene+contrast+theme	The section distinguishes the person from the weight on his back; this verse says each person’s lot is fastened to his neck and a record will be brought out. It offers a contrasting bodily image of accountability remaining attached to a person.
medium	37:79	theme+neighbour	The section describes remembrance as praise and renown; this verse’s own contribution is a peace greeting for Noah “among the worlds.” The preceding 37:78 says God left Noah remembered among later generations, completing the link between lasting mention and praise.
medium	37:109	theme+neighbour	This verse’s own contribution is a peace greeting for Abraham; 37:108 says God left him a mention among later generations. Together they give a specific Quranic form for the lasting honor the section associates with Abraham.
medium	37:120	theme+neighbour	This verse greets Moses and Aaron with peace; the preceding 37:119 says God left them a mention among later generations. Its own contribution is an explicit praise formula attached to that legacy.
medium	37:130	theme+neighbour	This verse greets Elijah with peace; the preceding 37:129 says God left him a mention among later generations. It supplies the praise form that completes this repeated prophetic legacy pattern.
