strong	tevrat	paralel	WLC:Deut.4.11	Horeb's fire, cloud, and darkness	Moses recalls Israel standing before a mountain of fire, cloud, and thick darkness; this is a specific Sinai setting beside the commentary's account of Moses and Israel confronting the limits of divine sight.
strong	tevrat	paralel	WLC:Deut.4.12	voice heard, no form seen	At Horeb Israel hears God's voice from the fire but sees no form; this makes the commentary's pairing of recited sound and restricted vision an explicit feature of the same revelation scene.
strong	tevrat	motif	WLC:Deut.4.15	no form and no image	Moses repeats that Israel saw no form and therefore must not make an image; beside Q 7:143, this gives a distinct scriptural consequence of a theophany without visible form.
strong	tevrat	motif	WLC:Exod.20.21	Moses enters God's thick darkness	While the people stand at a distance, Moses approaches the thick darkness where God is; this makes hiddenness the setting of direct encounter, complementing the commentary's open/hidden knowledge pair.
strong	tevrat	motif	WLC:Isa.29.15	plans hidden from YHWH	The people hide their counsel in darkness and ask who sees them; this is a direct prophetic example of the concealment the commentary says cannot remove anything from divine knowledge.
strong	tevrat	motif	WLC:Ps.94.9	God hears and sees	The psalm asks whether the one who planted the ear cannot hear and the one who formed the eye cannot see; this joins the commentary's audible and visual forms of cehr to their divine source.
strong	tevrat	motif	WLC:Ps.94.11	God knows human thoughts	The psalm says YHWH knows human thoughts; this gives a concise counterpart to the commentary's hidden contents remaining known even when not voiced.
strong	tevrat	motif	WLC:1Sam.2.3	God of knowledge weighs deeds	Hannah's song says YHWH is a God of knowledge who weighs actions; after her silent prayer, this connects the commentary's prayer scene to divine knowledge and judgment.
strong	tevrat	motif	WLC:Ezek.8.12	elders think God does not see	In Ezekiel's vision, elders worship in hidden rooms and say YHWH does not see them; the scene supplies a concrete false belief that the commentary's open/hidden knowledge claim overturns.
strong	tevrat	motif	WLC:Ezek.11.5	God knows what comes to mind	YHWH says He knows what comes into the people's minds; this is a direct counterpart to the commentary's unspoken contents of the heart being within divine knowledge.
strong	tevrat	motif	WLC:Eccl.12.14	every secret thing judged	Ecclesiastes says God brings every work, including every hidden thing, into judgment; this extends the commentary's claim that hidden matters remain known to a concrete judgment scene.
strong	tevrat	motif	WLC:Mal.3.16	book of remembrance before God	A book of remembrance is written before YHWH for those who fear His name; this joins the commentary's linked themes of divine memory, recorded words, and the name invoked in worship.
strong	tevrat	motif	Sirach 16:17	no one can hide from God	Sirach challenges the person who thinks they can be hidden from the Lord among the crowd; this gives a distinct wisdom-text setting for the commentary's claim that no concealed thing escapes divine awareness.
strong	incil	motif	SBLGNT:Matt.6.4	secret almsgiving seen by the Father	Jesus says the Father sees charitable giving done in secret; this extends the commentary's open/hidden pair from prayer and recitation to a specific concealed ethical action.
strong	incil	motif	SBLGNT:Luke.12.2	nothing concealed stays unknown	Jesus says what is covered will be revealed and what is hidden will be known; this is a direct continuation of the commentary's claim that hiddenness does not mean disappearance from knowledge.
strong	incil	motif	SBLGNT:Matt.12.36	account for careless words	Jesus says people will answer for every careless word; this applies the commentary's claim about God's knowledge of speech to words that speakers might treat as unimportant.
strong	incil	motif	SBLGNT:Mark.13.11	Spirit supplies the persecuted speaker's words	Jesus tells disciples not to prepare their defense because the Holy Spirit will give them what to say; this is a Christian counterpart to the commentary's insistence that prophetic speech is given rather than owned.
strong	incil	motif	SBLGNT:2Pet.1.21	prophecy not from human will	Peter says prophecy did not arise from human will, but people spoke from God as carried by the Holy Spirit; this directly parallels the commentary's claim that the messenger does not possess the source of recitation.
strong	incil	motif	SBLGNT:Rom.2.16	God judges human secrets through Christ	Paul says God judges people's secrets through Christ; this gives a Christian judgment formulation for the hidden contents that the commentary says God knows.
strong	incil	motif	SBLGNT:Rev.2.23	Christ searches hearts and minds	Christ says He searches minds and hearts and repays each according to deeds; this joins inward knowledge to judgment, as the commentary's account of hidden matters does.
strong	incil	motif	SBLGNT:Rev.20.12	books opened at judgment	John sees the dead judged from opened books according to their deeds; this gives an apocalyptic record-and-disclosure counterpart to the commentary's claim that God counts what people forget.
medium	tevrat	motif	WLC:1Kgs.8.12	God dwells in thick darkness	At the temple dedication Solomon says YHWH has chosen to dwell in thick darkness; this supplies a distinct biblical way to pair God's presence with concealment beside the commentary's manifest/hidden knowledge.
medium	tevrat	motif	WLC:Isa.45.15	God who hides Himself	Isaiah calls YHWH the God who hides Himself and Israel's Savior; this adds a biblical theme of divine hiddenness to the commentary's distinction between God being hidden from human sight and knowing what is hidden.
medium	tevrat	motif	WLC:Exod.3.15	name as memorial through generations	God gives Moses His name as a memorial through generations; this complements the commentary's claim that the divine name at the ayah's hinge belongs to worship and remembrance, not impersonal fate.
medium	tevrat	motif	WLC:Deut.6.4	Israel's confession of the one YHWH	The Shema names YHWH as Israel's one God; beside the commentary's emphasis on Allah's name at the exception clause, this gives a central Jewish liturgical confession to read alongside al-Fatiha.
medium	tevrat	motif	WLC:Deut.6.5	love YHWH with the whole heart	The Shema immediately commands love of YHWH with all heart, soul, and strength; this concretely joins the divine name to worshipful devotion as the commentary does.
medium	tevrat	motif	WLC:Josh.4.6	stones as a sign for future questions	Joshua sets stones as a sign so children will ask what they mean; this gives a concrete human use of visible markers beside the commentary's claim that God's knowledge does not need a sign.
medium	tevrat	motif	WLC:Josh.4.7	memorial stones preserve memory	The stones are to be a memorial for Israel; this shows a community using a visible sign to preserve memory, contrasting with the commentary's divine knowledge that needs no landmark.
medium	tevrat	motif	Pirkei Avot 3:15	foreknowledge and human freedom	The Mishnah says all is foreseen while freedom is granted; this is a specific Jewish formulation of the tension between divine knowing and human willing that the commentary resolves through God's will.
medium	tevrat	motif	Berakhot 33b	all is in Heaven's hands except awe of Heaven	The Talmud places everything in Heaven's hands except reverence of Heaven; this gives a rabbinic boundary to divine sovereignty beside the commentary's claim that human plans and memory remain dependent on God's will.
medium	incil	motif	SBLGNT:Phil.2.13	God works both willing and doing	Paul says God is at work in believers both to will and to act; this closely parallels the commentary's claim that even human willing depends on God.
medium	incil	motif	SBLGNT:Luke.22.61	Peter remembers after Jesus looks at him	After the rooster, Jesus looks at Peter and Peter remembers Jesus' prediction; this gives a narrative instance of a forgotten word returning when the commentary says remembering follows forgetting.
