strong	tevrat	motif	WLC:Josh.1.7	Joshua inherits law with courage	Joshua is told to be strong and carefully do all the law Moses commanded him; a successor receives both an actionable charge and the endurance needed to carry it out.
strong	tevrat	motif	WLC:Deut.32.46	command children to obey all the words	Moses tells Israel to set its heart on his warning and command its children to observe the law; the dying generation actively passes an obligation to the next.
strong	tevrat	motif	WLC:1Chr.28.9	David charges Solomon to know his father's God	David tells his son Solomon to know the God of his father and serve him wholeheartedly; the commentary's inherited worship and practical instruction meet in a father's direct charge.
strong	tevrat	motif	WLC:Ps.71.18	aged speaker tells the next generation	The aged psalmist asks not to be forsaken until he has declared God's power to the next generation; an approaching end makes transmission of testimony urgent.
strong	tevrat	motif	WLC:Jer.35.6	ancestor's injunction still binds descendants	The Rechabites refuse wine because their ancestor Jonadab commanded them and their children never to drink it; a concrete instruction continues after its speaker's death.
strong	tevrat	motif	WLC:Jer.35.14	Jonadab's words observed to this day	God cites the Rechabites' continuing obedience to their ancestor's instruction as a rebuke to Judah's failure to heed repeated divine speech; inherited counsel becomes a measure of faithfulness.
strong	tevrat	motif	WLC:Lev.5.21	denial of an entrusted deposit	The law treats deception over a neighbor's deposited goods as a breach against the Lord; it gives moral and legal weight to the commentary's emanet left in another's keeping. This uses WLC numbering.
strong	tevrat	motif	WLC:Lev.5.22	false oath about another's property	The same law names finding lost property, denying it and swearing falsely; the commentary's suspicion of corrupt sworn testimony concerns an equally concrete property dispute. This uses WLC numbering.
strong	tevrat	motif	WLC:Gen.31.50	God witnesses treatment of daughters	Laban tells Jacob that if he mistreats Laban's daughters, God is witness even with no human observer; a father's concern for descendants is secured by testimony beyond his presence.
strong	tevrat	motif	WLC:Ps.15.4	oath honored even at personal cost	The person fit to dwell with God swears to his own hurt and does not change his word; it clarifies the weight of the commentary's binding oath when keeping it becomes burdensome.
strong	tevrat	soydas	WLC:Isa.28.16	אמנ sound correspondence; believer does not hurry	The one who trusts the tested cornerstone will not hurry in panic; Hebrew אמנ from the table joins believing with a concrete form of patient steadiness.
strong	tevrat	soydas	WLC:2Chr.20.20	אמנ sound correspondence; trust and be established	Jehoshaphat tells Judah to trust the Lord and be established, then trust his prophets and prosper; the verse repeats אמנ and links firm faith to heeding a transmitted prophetic word.
strong	tevrat	soydas	WLC:Isa.10.1	חקק sound correspondence; unjust decrees	Isaiah condemns those who decree oppressive decrees; Hebrew חקק from the table shows that a binding rule can itself be unjust, sharpening the commentary's concern about an unfair will.
strong	tevrat	soydas	WLC:Prov.31.5	חקק sound correspondence; forgetting decree harms rights	A king who drinks may forget what is decreed and distort the poor person's legal claim; Hebrew חקק from the table puts prescribed law and vulnerable claimants in the same maternal admonition.
strong	tevrat	yorum_gelenegi	Mishnah Avot 1:1	Torah handed through named generations	The rabbinic chain has Moses receive Torah and hand it to Joshua, then elders, prophets and the Great Assembly; it interprets religious instruction as an inherited trust across successive speakers.
strong	tevrat	motif	Tobit 4:3	dying father's instructions to his son	Believing he may die, Tobit calls Tobias and charges him to bury him and care for his mother; a dying speaker gives a son concrete duties to perform afterward.
strong	incil	motif	SBLGNT:Phlm.1.18	Paul assumes Onesimus's debt	Paul asks Philemon to charge to him anything Onesimus owes or any wrong he has done; he personally stands behind another's liability like the commentary's kefil.
strong	incil	motif	SBLGNT:Phlm.1.19	Paul writes his promise to repay	Paul writes with his own hand that he will repay Onesimus's debt; the guarantor's undertaking becomes an explicit, durable promise.
strong	incil	motif	SBLGNT:2Tim.3.14	continue in learning received from others	Timothy is told to continue in what he learned, knowing the people from whom he learned it; the received charge depends on identifiable transmitters and continued practice.
strong	incil	motif	SBLGNT:2Tim.3.15	scripture known since childhood	Timothy has known the sacred writings from infancy, and they can make him wise for salvation; the inherited word is a specific text learned before adulthood.
strong	incil	motif	SBLGNT:1Cor.11.23	what Paul received he handed on	Paul explicitly says he handed to the Corinthians what he received about the Lord's final meal; a departing speaker's act becomes a repeated communal instruction.
strong	incil	motif	SBLGNT:1Cor.15.3	gospel handed on as received	Paul says he handed on as first importance what he received, beginning with Christ's death for sins; belief is carried by a deliberate chain of testimony.
strong	incil	motif	SBLGNT:John.17.20	future believers through disciples' word	Jesus prays at his farewell for people who will believe through his disciples' word; his instruction moves beyond those present to a future generation.
strong	incil	motif	SBLGNT:2Pet.3.2	remember prophets and apostolic command	Readers are to remember the words spoken by holy prophets and the Lord's command through apostles; the charge crosses a chain of messengers and remains active in its hearers.
strong	incil	motif	Didache 4:9	teach children fear of God from youth	The community's instruction tells parents to teach sons and daughters reverence for God from childhood; the inherited religious charge is made a household duty.
medium	tevrat	motif	WLC:Josh.23.14	Joshua speaks as his death nears	Joshua says he is going the way of all the earth and reminds Israel that God's promises have not failed; a leader's last speech preserves a standard for successors.
medium	tevrat	motif	WLC:1Chr.22.13	father links obedience and courage	David tells Solomon he will prosper if he observes the statutes given through Moses and urges him to be strong, courageous and unafraid; inherited law is paired with fortitude.
medium	tevrat	motif	WLC:Deut.32.47	transmitted words are life	Moses says the commanded word is no empty thing but Israel's life, by which their days in the land will be prolonged; the inherited counsel has an explicitly future consequence.
medium	tevrat	motif	WLC:Exod.22.8	judges resolve disputed entrusted goods	A dispute over an animal, garment or lost article is brought by both parties before God for judgment; this supplies a procedure when a custodian's claim about entrusted property is contested. This uses WLC numbering.
medium	tevrat	motif	WLC:Lev.5.24	restitution after property deception	The wrongdoer must restore the property in full and add a fifth when guilt is acknowledged; the commentary's correction of an unjust transfer has a concrete restitution analogue. This uses WLC numbering.
medium	tevrat	motif	WLC:Zech.8.16	speak truth and judge for peace	People are told to speak truth to one another and render truthful judgments that make for peace; mutual truth telling has the restorative legal effect sought when a bequest is disputed.
medium	tevrat	motif	WLC:Zech.8.17	false oath rejected with harmful intent	The next instruction rejects plotting harm against a neighbor and loving a false oath; the commentary's contested witnesses unite the same dangers of malice and sworn deception.
medium	tevrat	motif	WLC:Exod.23.1	refuse malicious witness partnership	Israel is forbidden to spread a false report or join a wicked person as a malicious witness; the rule addresses collusion behind the commentary's suspect testimony.
medium	tevrat	motif	WLC:Prov.24.28	unfounded testimony against a neighbor	The proverb forbids becoming a witness against a neighbor without cause and deceiving with one's lips; it spells out the ethical fault when legal testimony is manufactured.
medium	tevrat	motif	Sirach 29:14	stand surety for a neighbor	The sage praises becoming surety for a neighbor while contrasting it with a shameless person's failure to do so; it supplies a Jewish ethical valuation of the commentary's kefil.
medium	tevrat	motif	Sirach 29:15	remember the surety's costly aid	The beneficiary is warned not to forget a guarantor who has exposed himself for another; the commentary's surety carries a personal cost beyond merely announcing a pledge.
medium	tevrat	motif	Sirach 33:22	keep control before distributing inheritance	The sage says it is better for children to seek from a living parent than for that parent to depend on them; this qualifies the commentary's image of a father trying to retrieve a gift already made.
medium	tevrat	motif	WLC:Gen.41.35	Joseph stores grain for future need	Joseph directs grain to be collected under Pharaoh for the coming famine; this supplies the food administration behind the Joseph story's promised load of grain, independently of Hebrew צבר, whose heaping sense is unrelated to Arabic sabr.
medium	tevrat	motif	WLC:Jer.36.4	prophet entrusts his words to a scribe	Baruch writes the words Jeremiah dictates on a scroll; the commentary's advice passed to another to act becomes a specific transfer of a prophet's speech.
medium	tevrat	motif	WLC:Jer.36.5	restrained speaker must use a delegate	Jeremiah says he is barred from entering the Lord's house, so Baruch must carry and read the message; a speaker's inability to act makes a successor's faithful performance necessary.
medium	tevrat	soydas	WLC:Ps.2.7	חקק sound correspondence; decree given to a son	The king recites the Lord's decree declaring him a son; Hebrew חֹק from the table connects a prescribed word to a father-son relation, though it is a royal oracle rather than an inheritance allotment.
medium	tevrat	soydas	WLC:Ps.78.37	אמנ sound correspondence; unfaithful covenant hearers	The generation instructed about God's deeds is said to be unfaithful to his covenant; Hebrew אמנ from the table supplies the contrary case to the commentary's inherited faithfulness.
medium	tevrat	soydas	WLC:Neh.9.8	אמנ sound correspondence; Abraham's faithful heart	The prayer says God found Abraham's heart faithful and made covenant with him; the table's אמנ family joins the patriarch's trust to a promise carried to descendants.
medium	tevrat	motif	WLC:Isa.10.2	unjust decrees dispossess widows and orphans	The continuation says the decrees deprive the needy of justice and make widows and orphans prey; it specifies whose rights are injured when prescribed allocations are corrupted.
medium	incil	motif	SBLGNT:1Cor.4.14	Paul admonishes as a father	Paul says he writes to admonish the Corinthians as beloved children; spiritual parenthood supplies the commentary's personal relation between adviser and heir.
medium	incil	motif	SBLGNT:1Cor.4.17	Timothy sent to remind churches	Paul sends Timothy to remind the Corinthians of his ways in Christ, as he teaches in every church; a recipient of instruction becomes its bearer to another group.
medium	incil	motif	SBLGNT:Phil.4.9	practice what was learned and received	Paul asks believers to put into practice what they learned, received, heard and saw in him; the inherited word includes conduct for its recipients to enact.
medium	incil	motif	SBLGNT:Eph.6.4	parents bring children up in admonition	Fathers are told to raise children in the Lord's discipline and instruction; household advice is a sustained responsibility, as in the commentary's father-to-child counsel.
medium	incil	motif	SBLGNT:Acts.20.29	danger after Paul's departure	Paul says destructive wolves will enter after he leaves; the farewell charge anticipates dangers the recipients must meet when the original speaker is gone.
medium	incil	motif	SBLGNT:Acts.20.31	remember prolonged admonition	Paul tells elders to stay alert and remember that he admonished each with tears for three years; the departing teacher leaves a remembered practice of warning.
medium	incil	motif	SBLGNT:2Pet.1.12	reminder despite known truth	The writer intends to keep reminding hearers even though they know and are established in the truth; repeated counsel protects what will remain after his departure.
medium	incil	motif	SBLGNT:2Cor.13.1	two or three witnesses in apostolic dispute	Paul invokes the rule that a matter is established by two or three witnesses before his next visit; the commentary's bequest dispute likewise requires accountable plurality in testimony.
medium	incil	motif	SBLGNT:John.8.17	two witnesses in Jesus' defense	Jesus cites the legal rule that the testimony of two people is true while defending his own witness; the estate-witness formula is reused in a different dispute over credibility.
medium	incil	motif	SBLGNT:John.8.18	Father joins Son as witness	Jesus says he bears witness and the Father who sent him also bears witness; the preceding two-witness rule is given an unusual father-son application.
