strong	20:50	root+scene+theme	Moses defines “our Lord” as the one who gives every creature its form and then guides it, joining the section’s owner, fitter, and leader in one sentence.
strong	20:53	scene+neighbour	Within Moses’ answer about the Lord, this ayah makes the earth traversable, sends water down, and brings out diverse plants; it supplies the grown terrain to which 20:54 brings the herd.
strong	20:54	root+scene+theme+neighbour	“Eat and pasture your livestock” directly stages people, herd, and pasture as the provision of the Lord described in 20:50-53.
strong	79:31	root+scene	God brings the earth’s water and its مَرْعَىٰ out of it, an exact occurrence of the section’s pasture family and its producing act.
strong	79:32	scene+neighbour	The fixing of the mountains is the adjacent act explicitly joined to pasture in the section; 79:33 gathers both into one provision-scene.
strong	79:33	scene+theme+neighbour	مَتَاعًا لَّكُمْ وَلِأَنْعَامِكُمْ names the landscape as temporary use for humans and livestock, the precise bridge the section makes from pasture to worldly life.
strong	80:24	speaker+scene+theme	The command that the human being look at his food opens the food-and-fodder scene which the section explicitly invokes.
strong	80:25	scene+neighbour	The abundant pouring of water is the first producing act in the sequence that ends with fruit, fodder, and provision for livestock.
strong	80:26	scene+neighbour	The splitting of the earth supplies the opened ground from which the listed human food and animal forage emerge.
strong	80:27	scene+neighbour	The bringing forth of grain is one particular product of the single provision-making work that culminates in 80:31-32.
strong	80:28	scene+neighbour	Grapes and fresh herbage extend the same produced field whose human and animal beneficiaries are named at the close.
strong	80:29	scene+neighbour	Olives and date palms are further products within the food scene the section asks the reader to hold beside pasture.
strong	80:30	scene+neighbour	Dense gardens complete the cultivated landscape before 80:31 distinguishes fruit and livestock fodder.
strong	80:31	root+scene+neighbour	فَاكِهَةً وَأَبًّا places human fruit beside animal fodder, exactly the paired detail developed in the section.
strong	80:32	scene+theme+neighbour	مَتَاعًا لَّكُمْ وَلِأَنْعَامِكُمْ repeats the section’s decisive closing: a provision for a time, shared by people and their animals.
strong	16:5	scene+theme	God’s creation of livestock with warmth, benefits, and food identifies the herd and all its uses as the Owner’s provision.
strong	16:6	scene	The beauty of livestock when they are brought home and when they are sent out to pasture gives the daily movement of a tended herd.
strong	16:10	scene+theme	Rain produces the vegetation “in which you pasture” livestock, directly joining the giver of water, the grown pasture, and the herder’s act.
strong	10:24	scene+theme+contrast	Worldly life is rain-fed vegetation eaten by people and livestock; just when its people think they control it, God makes it a cut-down field, exposing the true Owner and the pasture’s end.
strong	18:45	scene+theme	The worldly-life likeness moves from rain and mingled vegetation to dry fragments scattered by wind, a close expansion of pasture becoming debris.
strong	39:21	scene+theme	God sends water, produces varied crops, then they wither, yellow, and become حُطَامًا; the producer encompasses the pasture’s full course and its lesson.
strong	57:20	scene+theme	The rain-grown crop that pleases its growers, yellows, and becomes debris is explicitly a likeness for worldly life and its deceptive مَتَاع.
strong	56:63	scene+speaker	The question “Have you considered what you sow?” makes the human cultivator inspect the act whose true agent is identified in the next ayah.
strong	56:64	scene+theme+neighbour	“Is it you who make it grow, or are We the grower?” states the section’s claim that the apparent pasture-owner is not its ultimate producer.
strong	56:65	scene+theme+neighbour	God could make the crop حُطَامًا, directly pairing divine growth with divine power over its debris-end.
strong	56:74	speaker+scene+neighbour	After the crop, water, and fire signs, the command to glorify the name of “your Lord, the Magnificent” returns the produced world to the personally acknowledged Owner.
strong	25:48	scene+theme	God sends winds and purifying water ahead of the rain that will revive land and water creatures, presenting the pasture’s provision as directed mercy.
strong	25:49	scene+theme+neighbour	The rain revives dead land and gives drink to livestock and many people, directly naming the herd among the recipients of divine provision.
strong	32:27	scene+theme	God drives water to barren land and brings out crops from which livestock and people eat; the whole owner-water-pasture-herd relation appears in one ayah.
strong	11:6	scene+theme	Every earth-creature’s provision rests with God, who knows its dwelling and repository; this joins feeding, the animal’s abiding-place, and the far-seeing Owner.
strong	36:71	scene+theme	God creates livestock for human beings and says “they are their owners” (مَالِكُونَ), placing derived human herd-ownership inside divine creation.
strong	36:72	scene+theme+neighbour	God subjects the livestock so that some are mounts and some are food, showing who makes the human owner-herd relation possible.
strong	36:73	scene+theme+neighbour	The livestock yield benefits and drinks, and the closing demand for gratitude turns use of the herd toward recognition of its giver.
strong	21:78	root+scene+theme	Sheep graze by night in a cultivated field while David and Solomon judge the damage; the ayah brings livestock, pasture, ownership, and rulers’ care into the same scene.
strong	21:79	theme+neighbour	God gives Solomon understanding of the grazing dispute while granting both rulers judgment and knowledge, embodying the section’s governor-as-shepherd sense.
strong	20:18	scene	Moses says he beats down leaves with his staff for his sheep, an explicit first-person glimpse of a shepherd providing forage.
strong	28:23	root+scene	At the well Moses finds shepherds (ٱلرِّعَآءُ) watering while two women restrain their animals, an exact Qur’anic occurrence of the section’s shepherd family.
strong	28:24	scene+neighbour	Moses waters the women’s animals, supplying the protective pastoral act left unresolved in 28:23.
strong	7:73	scene+theme	Ṣāliḥ calls the she-camel “Allah’s camel” and commands that she be left to eat in Allah’s earth, joining ownership, protected grazing, and provision.
strong	11:64	scene+theme	The she-camel is again identified as God’s sign and left to graze in God’s earth, while harming her is fenced off by warning.
strong	91:13	scene+theme	God’s messenger protects “Allah’s she-camel” and her allotted drink, marking the animal, its Owner, and its measured provision.
strong	6:141	scene+theme	God produces varied gardens, palms, crops, olives, and pomegranates and regulates their harvest, locating produce and its due under the true cultivator’s command.
strong	6:142	scene+theme+neighbour	Livestock provide loads and bedding, and people are told to eat what God has provided; the herd follows the cultivated provision of 6:141.
strong	16:80	scene+theme	Homes and portable tents made from livestock skins serve people when they travel and camp, closely matching the section’s work animals around a people and its dwellings.
strong	6:164	root+theme	“Shall I seek a lord other than Allah when He is the Lord of everything?” is the Qur’anic counterpart to the section’s dictionary formula “the lord of every thing is its owner.”
strong	26:78	root+theme	Abraham names the one who created him as the one who guides him, binding personal Lordship to the guiding act just as the section does.
strong	26:79	theme+neighbour	Abraham immediately names that same Lord as the one who feeds and gives drink, completing the guide-and-provision relation.
strong	11:56	root+scene+theme	Every creature is held by its forelock, while “my Lord is on a straight path”; control of the creature and right direction meet in one declaration of personal Lordship.
strong	11:57	root+theme	“My Lord is guardian over all things” gives the section’s owner the shepherd’s developed function of encompassing and preserving what is under his care.
strong	6:97	root+scene+theme	God makes the stars means by which people are guided through land and sea, bringing the section’s star-watching sense of رعي into contact with guidance.
strong	16:16	root+scene+theme	“By the star they are guided” directly meets the section’s secondary act of watching stars with its image of a guide leading others.
strong	21:73	root+scene+theme	God makes leaders who guide by His command, a human counterpart to the section’s leading animals that go ahead and guide the rest.
strong	32:24	root+scene+theme	God appoints leaders who guide by His command, explicitly turning precedence into guidance of a community.
strong	3:14	scene+theme	Livestock and cultivated land appear among the adorned desires called the مَتَاع of worldly life, directly carrying pasture’s temporary use into the nearer life.
strong	20:131	root+scene+theme	The “flower of worldly life” is temporary trial, while “your Lord’s provision is better and more lasting”; plant image, personal Owner, and the lasting comparison converge.
strong	28:60	theme	What people receive is the enjoyment and adornment of worldly life, while what is with God is “better and more lasting,” the exact inference the section draws from مَتَاع.
strong	42:36	theme	Whatever people receive is the enjoyment of worldly life, whereas what is with God is better and more lasting for those who trust their Lord.
strong	16:96	theme	“What is with you runs out, and what is with Allah remains” states in abstract form what the pasture-to-debris image makes visible.
strong	4:77	theme	“The enjoyment of the world is little, and the Hereafter is better” closely restates the section’s semantic path from temporary مَتَاع to the preference challenged in surah 87.
strong	28:88	theme	Everything perishes except God’s face, and judgment belongs to Him; the Owner remains beyond the things He brings forth and ends.
strong	55:26	theme	Everything upon the earth is passing, supplying the universal side of the pasture’s decay.
strong	55:27	root+theme+neighbour	The face of “your Lord” remains, setting the lasting personal Owner against the passing creation of 55:26.
strong	68:17	scene+theme	The owners of a garden swear to harvest it in the morning, beginning a test of people who mistake control of produce for ultimate ownership.
strong	68:19	scene+theme+neighbour	A visitation from “your Lord” circles the garden while its owners sleep, revealing the higher Owner who already sees the crop’s end.
strong	68:20	scene+theme+neighbour	The garden becomes like a field already reaped, a sudden produce-to-waste reversal governed by the Lord rather than its claimants.
strong	68:28	speaker+scene+theme+neighbour	The most balanced owner asks why they did not glorify God, explicitly connecting failed ownership of produce to neglected praise.
strong	68:29	root+speaker+theme+neighbour	The garden owners answer, “Glory be to our Lord,” finally naming the true Owner after their crop has vanished.
strong	18:35	scene+theme	The garden-holder enters his garden and claims it will never perish, articulating the false owner’s blindness to where cultivated abundance ends.
strong	18:39	root+scene+theme+neighbour	His companion says entry into the garden should have elicited “What Allah willed; no power except through Allah,” relocating growth and possession with the true Lord.
strong	18:40	scene+theme+neighbour	The companion says “my Lord” may replace the garden and send a calamity that leaves it bare, seeing precisely the outcome the owner refuses to see.
strong	18:42	scene+theme+neighbour	The garden’s fruit is encompassed and its claimant wrings his hands over what he spent, enacting the end hidden inside apparent ownership.
strong	18:44	root+theme+neighbour	At the garden’s collapse, true protecting authority belongs to Allah; He is best in reward and outcome, joining ownership, protection, and the end of the affair.
contrast	11:97	root+scene+contrast+neighbour	Pharaoh’s people follow his command even though his command is not rightly guided, reversing the section’s leader who conducts those behind him well.
contrast	11:98	scene+theme+contrast+neighbour	Pharaoh goes before his people and brings them to the Fire as a watering-place, a precise anti-shepherd scene: a ruler leads his herd to the worst destination.
contrast	28:41	scene+theme+contrast	Leaders call others to the Fire rather than to sustaining pasture, reversing both the guide’s destination and the ruler’s duty of care.
contrast	25:44	root+scene+contrast	People who refuse to hear are said to be like livestock, indeed further astray from the way; the herd is present but guidance has failed.
contrast	7:179	root+scene+contrast	Those who do not use heart, eyes, or ears are like livestock and more astray, marking the boundary between a guided herd and human heedlessness.
contrast	47:12	scene+theme+contrast	Disbelievers enjoy themselves and eat as livestock eat, but the Fire is their lodging; temporary pasture-like consumption is severed from right guidance and right destination.
contrast	81:4	scene+contrast	At the Hour, prized pregnant she-camels are left untended, a concrete reversal of the protected herd gathered around its people.
contrast	91:14	scene+theme+contrast+neighbour	The people hamstring the protected camel, and their Lord levels them for it; violation of the Owner’s pasture-boundary destroys the would-be human controllers.
contrast	33:67	root+scene+contrast	The condemned say they obeyed their chiefs and great ones, who led them astray from the path, exposing leadership that functions as misguidance.
contrast	57:27	root+theme+contrast	People invent monasticism but do not tend or observe it as it should be tended (فَمَا رَعَوْهَا حَقَّ رِعَايَتِهَا), a moral failure of the same guarding root used for a shepherd’s care.
contrast	4:46	root+speaker+contrast	Hostile speakers twist رَاعِنَا with their tongues; the word-family of attentive care becomes an instrument of insult rather than true regard.
medium	16:11	scene+neighbour	Crops, olives, palms, grapes, and every fruit are grown by the rain of 16:10, broadening the vegetation in which the livestock pasture.
medium	2:104	root+speaker	رَاعِنَا uses the section’s رعي family in the interpersonal sense “attend to us”; the command to use انظُرْنَا instead exposes a distinct sense within the shepherd word’s range.
medium	23:8	root+theme	The faithful are رَاعُون over their trusts and covenants, using the pasture-root for guarding what has been placed in one’s care.
medium	70:32	root+theme	The repeated description of believers as رَاعُون over trusts and covenants confirms the shepherd-family’s ethical sense of protective custody.
medium	12:23	root+theme	Joseph’s “he is my rabb; he made my lodging good” admits the contextual reading of a human master, preserving the section’s owner/master sense of رَبّ alongside the theological reading.
medium	12:42	root+theme	Joseph tells the released prisoner to mention him to “your rabb,” where rabb is the royal master; it is a clear non-divine use of the section’s ownership word.
medium	12:50	root+theme	Joseph tells the messenger to return to “your rabb,” again using rabb for the king and making the master sense concrete.
medium	12:47	scene+theme+neighbour	Joseph orders years of sowing and protected storage, a governor’s far-seeing care of provision before its future scarcity.
medium	12:48	scene+theme+neighbour	The hard years consume what was stored, showing the ruler-shepherd’s attention to what the productive years will become.
medium	12:49	scene+theme+neighbour	A later year brings rain and renewed pressing, completing the provision-cycle that Joseph foresaw and administered.
medium	12:55	scene+theme	Joseph asks to be placed over the land’s storehouses because he is a knowing guardian, a close instance of the section’s governor who protects those in his charge.
medium	12:64	theme	Jacob calls Allah the best guardian, directly supporting the protective function that the section hears within Lordship and shepherding.
medium	38:23	scene	The claimant describes one ewe beside another man’s ninety-nine ewes, giving a dispute about flock-ownership before a ruler.
medium	38:24	scene+theme+neighbour	David judges that the many-ewe owner has wronged the one-ewe owner, linking care of a flock’s ownership to the ruler’s just oversight.
medium	38:26	theme+neighbour	God appoints David a vicegerent and commands him to judge people in truth, making explicit the governing duty implicit in the sheep case.
medium	40:79	scene+theme	God makes livestock so people may ride some and eat others, another direct statement that the herd and its uses are bestowed.
medium	40:80	scene+theme+neighbour	Livestock carry further benefits and bear people toward needs in their hearts, extending the Owner’s fitting of animals for human use.
medium	23:21	scene+theme	Livestock contain a lesson, drink, many benefits, and food for people; the herd itself is presented as sustained provision.
medium	43:12	scene+theme	God creates pairs and makes ships and livestock for riding, assigning the herd its fitted human use.
medium	43:13	root+speaker+scene+neighbour	Upon mounting, people are told to remember their Lord’s blessing, turning mastery of the animal back into acknowledgment of the true Owner.
medium	22:36	scene+theme	Sacrificial camels are among God’s signs; people arrange, slaughter, eat, and feed from them, while the animal remains explicitly under divine ordinance.
medium	54:27	scene+theme	The she-camel is sent as a trial under watch, a protected animal whose treatment reveals whether people accept the higher Owner’s command.
medium	54:28	scene+theme+neighbour	Water is apportioned between the people and the camel, making animal provision measured and guarded.
medium	26:155	scene+theme	The she-camel has an allotted drink and the people an allotted drink on a known day, a managed boundary around herd-provision.
medium	26:156	scene+contrast+neighbour	The warning not to harm the camel defines the protective limit that the false human controllers later violate.
medium	88:17	scene+speaker	The command to look at how the camel was created brings the work animal itself before the reader as an object fitted by its Maker.
medium	7:58	root+scene+theme	Good land brings vegetation forth by its Lord’s permission while bad land yields only scant growth, joining رب with the differing fate of pasture-ground.
medium	6:99	scene+theme	God sends water and brings forth vegetation, grain, fruit, and gardens, then commands people to look at their fruiting and ripening—the producer and attentive observer of the crop’s course.
medium	15:19	scene+theme	God spreads the earth, sets mountains, and grows everything in due balance, pairing terrain with measured vegetation as parts of one ordering work.
medium	23:18	scene+theme	Water descends in measure and is lodged in the earth, while God can remove it; pasture depends on provision that remains fully under its giver’s control.
medium	23:19	scene+theme+neighbour	The measured water produces gardens, abundant fruit, and food, completing the provision-act begun in 23:18.
medium	50:9	scene+neighbour	Blessed water descends and grows gardens and harvested grain, beginning a compact provision sequence.
medium	50:10	scene+neighbour	Tall palms and clustered fruit add the visible produce of the rain-grown landscape.
medium	50:11	scene+theme+neighbour	The growth is “provision for the servants,” and dead land is revived by it, naming the purpose and giver of the produced field.
medium	78:14	scene+neighbour	Pouring water descends from rain clouds, initiating the crop-and-garden sequence.
medium	78:15	scene+theme+neighbour	God brings out grain and plants by that water, stating the productive act at the center of the pasture image.
medium	78:16	scene+neighbour	Dense gardens complete the rain-grown scene and echo the gardens adjoining fruit and fodder in 80:30-31.
medium	9:38	theme	The enjoyment of worldly life is declared little beside the Hereafter, clarifying the temporariness carried by مَتَاع in the pasture passages.
medium	13:26	theme	God expands and restricts provision, and worldly life is only a small enjoyment beside the Hereafter; giver, measure, and temporary use are joined.
medium	40:39	theme	The believer says worldly life is only enjoyment while the Hereafter is the lasting home, an explicit gloss on the section’s movement from مَتَاع to permanence.
medium	3:185	theme	Worldly life is only the enjoyment of delusion, supplying the warning latent in a pasture that flourishes and then becomes refuse.
medium	18:46	theme	Worldly adornments are set against lasting good deeds that are better with “your Lord,” keeping transient possession and enduring value under the personal Owner.
medium	28:61	theme+contrast	One who receives the good promise is contrasted with one merely given worldly enjoyment and then brought for judgment, distinguishing lasting provision from temporary use.
medium	26:205	theme+neighbour	The question imagines God allowing people enjoyment for years, testing whether duration changes its temporary status.
medium	26:207	theme+neighbour	When the promised end arrives, their former enjoyment does not avail them, making explicit the endpoint hidden within temporary provision.
medium	22:41	theme	After describing people entrusted with authority, the ayah closes “to Allah belongs the outcome of affairs,” fitting the governor-shepherd sense and the watcher of where a matter ends.
medium	31:22	root+theme	One who submits to God and does good has the firm handhold, and the outcome of affairs is God’s; the personal Lord owns both guidance and destination.
medium	11:123	root+theme	The unseen belongs to God, the whole affair returns to Him, and “your Lord” is not unaware, directly supporting the Owner who sees where the matter goes.
medium	59:18	speaker+theme	Each soul is told to look at what it has sent ahead for tomorrow, transferring the section’s “look where the affair will end” from the shepherd’s vigilance to moral foresight.
medium	10:35	root+theme	The question asks whether the one who guides to truth is more worthy of being followed than one who needs guidance, testing the qualification of any leader at the herd’s front.
medium	25:74	scene+theme	The prayer to be made a leader for the God-conscious treats precedence as a responsibility to guide others, not mere rank.
medium	39:71	scene+contrast	Those who disbelieve are driven to Hell in groups, a final herding scene whose destination exposes the cost of refusing guidance.
medium	39:73	scene+theme+contrast	Those mindful of their Lord are driven in groups to the Garden, supplying the opposite final destination under acknowledged Lordship.
medium	19:86	scene+contrast	Criminals are driven to Hell thirsty, evoking a herd driven toward water while reversing the expected life-giving destination.
medium	96:1	root+speaker+theme	The command to read in the name of “your Lord who created” makes the addressee identify the personal Lord precisely as creator.
medium	73:8	root+speaker+theme	“Remember the name of your Lord and devote yourself to Him” closely parallels the section’s person naming this Owner as his own Lord.
weak	74:50	scene	The people are likened to startled wild asses; the species differs from the dictionary’s wild-cattle herd, but the ayah still supplies a concrete wild-herd scene.
weak	74:51	scene+contrast+neighbour	The wild asses flee from a lion; this may illuminate a herd moving in panic rather than behind a guide, though the ayah does not mention a leader or pasture.
