strong	tevrat	motif	WLC:Exod.3.14	Musa'nın sorusuna verilen ilâhî ad	Musa Tanrı'nın adını sorunca Ehyeh cevabını alır; adın adlandırılanı tanınır kılan işaret olması düşüncesini ilâhî özdeşlik sorusunun içinde kurar.
strong	tevrat	motif	WLC:Exod.6.3	El-Şadday ve YHWH adları	Metin, atalara El-Şadday olarak görünmesi ile YHWH adının tanınmasını ayırır; Allah ve Rahman gibi farklı ilâhî adların çağrıda yan yana durduğu yorum için belirli bir ad-açıklama paralelidir.
strong	tevrat	motif	WLC:Gen.9.13	buluttaki antlaşma yayı	Tanrı yayını buluta koyup onu kendisi ile yeryüzü arasındaki antlaşmanın işareti kılar; bütün göğe asılmış tanınabilir iz, yorumdaki yükseltilmiş alamet imgesini kozmik ölçekte işler.
strong	tevrat	motif	WLC:Gen.31.48	adı konmuş tanık yığını	Lavan taş yığınının iki taraf arasında tanık olduğunu söyleyip ona Galed adını verir; yükseltilmiş nesne, ad ve ilişkinin tanınmasını aynı anda taşır.
strong	tevrat	motif	WLC:Exod.28.36	mühür gibi kazınmış kutsal yazı	Baş kâhinin altın levhasına mühür kazısı gibi YHWH'ye Kutsal yazılır; yorumdaki yakılmış ya da yükseltilmiş iz yerine, adı görünür kılan kutsal bir yazı işareti sunar.
strong	tevrat	motif	WLC:Exod.28.38	alındaki levha ve günahı taşıma	Kutsal levha Harun'un alnında durur ve kutsal sunuların suçunu taşır; alın üzerindeki adla bağlı işaretin aidiyet ve hüküm işlevini birleştirir.
strong	tevrat	motif	WLC:Num.15.38	giysinin püskül işareti	İsrailliler giysilerinin uçlarına püskül ve mavi ip koyar; taşınan görünür işaretin kişiyi ayırt etmesi ile yorumdaki nişan fikri buluşur.
strong	tevrat	motif	WLC:Num.15.39	görüp hatırlatan püskül	Püskül görülür, YHWH'nin buyrukları hatırlanır ve uygulanır; iz okununca bilgi ve davranış doğması, tevesseme ile anlatılan işleyişe yakındır.
strong	tevrat	motif	WLC:Deut.18.22	YHWH adıyla söylenen sözün sınanması	Bir peygamber YHWH adıyla konuştuğunda söz gerçekleşmezse onun Tanrı'dan olmadığının bilineceği söylenir; adın altında gerçek bir yetkinin bulunup bulunmadığını sonuçtan tanımayı öğretir.
strong	tevrat	karsi_anlati	WLC:Josh.2.18	penceredeki kırmızı ip işareti	Rahav'ın evini tanınır kılan kırmızı ip, ailesini yıkımdan koruyacaktır; Kur'an'daki cezaya ait damganın tersine, görünür işaret burada kurtarır.
strong	tevrat	motif	WLC:Judg.6.17	konuşanın kim olduğunu gösteren işaret	Gidyon, kendisiyle konuşanın gerçekten Tanrı olduğunu bilebilmek için işaret ister; işaretin asıl işinin bir faili tanınır kılmak olduğunu açıkça söyler.
strong	tevrat	motif	WLC:1Kgs.8.29	adı konmuş ev	Süleyman, Tanrı'nın adı burada olacak dediği eve gözlerinin açık kalmasını diler; ad, bir yazının ya da yapının hangi ilâhî yetkiyle ilişkili olduğunu belirler.
strong	tevrat	motif	WLC:Isa.7.14	İmmanuel adıyla verilen işaret	Çocuğun doğumu bir işaret olarak verilir ve adı İmmanuel olur; ad, kişiyi tanıtan ses ile tarihsel/teolojik işaretin aynı olayda birleşmesidir.
strong	tevrat	motif	WLC:Isa.8.1	büyük levhaya yazılan ad	Yeşaya büyük bir levhaya halkın okuyacağı yazıyla Maher-Şalal-Haş-Baz adını yazar; adın kamuya açık yazı izi olarak yaklaşan olayı tanıtmasıdır.
strong	tevrat	motif	WLC:Isa.8.18	peygamber ve çocukları işaretler olarak	Yeşaya kendisi ve YHWH'nin verdiği çocukları İsrail'de işaretler ve alametler diye niteler; kişi adlarının bütün bir peygamberlik nişanı haline gelmesidir.
strong	tevrat	motif	WLC:Isa.56.5	kesilmeyen ebedî ad	Ev ve surlar içinde oğul ve kızlardan iyi, kesilmeyecek ebedî bir ad verilir; yorumdaki tanınmayı taşıyan adın kalıcılık ve şeref boyutunu açar.
strong	tevrat	motif	WLC:Isa.65.15	lanet için bırakılan ad ve yeni ad	Yargılananların adı seçilmişler için lanet sözü olarak kalır, Tanrı ise kullarını başka bir adla çağırır; iyi ve kötü adın kamu önünde okunur iz oluşunu ters yüzleriyle işler.
strong	tevrat	motif	WLC:Ezek.36.23	uluslar önünde kutsanan büyük ad	Tanrı uluslar arasında kirletilmiş büyük adını kutsayacak ve uluslar onu tanıyacaktır; adın kamusal tanınma, yücelik ve ahlâkî itibar taşımasıyla doğrudan buluşur.
strong	tevrat	motif	WLC:Jer.17.1	kalbe ve sunak boynuzlarına kazınmış günah	Yahuda'nın günahı demir kalemle kalbine ve sunakların boynuzlarına kazınmış diye tasvir edilir; hayır ya da şerri bedendeki ve nesnedeki izden okumak temasına sert bir karşılıktır.
strong	tevrat	motif	WLC:Hab.2.2	okunsun diye levhaya yazılan görüm	Görüm levhalara açıkça yazılır ki okuyan onu okuyabilsin; okunabilir iz ile bir hakikatin tanınması arasındaki ilişkiyi doğrudan kurar.
strong	tevrat	karsi_anlati	WLC:Hos.1.6	Lo-Ruhama adı	Hoşea'nın kızına Merhamet Edilmeyen adı verilir ve Tanrı artık merhamet etmeyeceğini açıklar; açılıştaki Rahman-Rahim adlarının ters yönünde, adın hüküm bildiren işaret oluşunu sahneler.
strong	tevrat	motif	WLC:Zeph.3.9	arınmış dudaklarla adı çağırmak	Halkların hepsinin YHWH adını çağırması ve omuz omuza hizmet etmesi için dillerinin arıtılacağı söylenir; ad, çağrı ve kulluğun tek formülde birleşmesidir.
strong	incil	karsi_anlati	SBLGNT:Matt.7.22	İsa adıyla yapılmış ama reddedilen eylemler	Bazıları İsa'nın adıyla peygamberlik ve kudretli işler yaptıklarını söyler, fakat İsa onları tanımaz; yalnızca adı kullanmanın altında gerçek bir bağlılık bulunmayabileceğini gösterir.
strong	incil	motif	SBLGNT:Luke.2.12	bebeği tanıtan işaret	Melek, beze sarılı ve yemlikte yatan bebeğin çobanlar için işaret olacağını söyler; işaretin tanınacak kişiyi belirlemesi yorumun temel tanımına yakındır.
strong	incil	motif	SBLGNT:Acts.3.16	İsa adının iyileştirici gücü	Topal adamın İsa'nın adıyla güç kazandığı ve bunun ada imanla olduğu söylenir; okunur bir iyileşme, adın failini tanıtıcı kudret olarak işleyişidir.
strong	incil	motif	SBLGNT:Rom.2.24	davranış yüzünden kötülenen Tanrı adı	Tanrı adının uluslar arasında İsrail'in davranışı yüzünden kötülenmesi, yorumdaki iyi adın insanlar arasında yayılması düşüncesinin olumsuz toplumsal yüzüdür.
strong	incil	karsi_anlati	SBLGNT:Phil.2.10	İsa adı önünde diz çökme	İsa'nın adıyla gökte, yerde ve yer altında her dizin çökeceği söylenir; yükseltilmiş adın kulluk doğurması imgesini İsa'ya bağlayan önceki ayetin gerekli Hristiyan devamıdır.
strong	incil	motif	SBLGNT:Heb.13.15	adı ikrar eden dudakların kurbanı	İnanlılar Tanrı'ya İsa aracılığıyla sürekli övgü kurbanı, yani adı ikrar eden dudakların ürünü sunar; adın çağrı ve ibadette sesli işaret oluşudur.
strong	incil	motif	SBLGNT:Jas.5.14	Rab adıyla yağ sürmek	Topluluk ihtiyarları hastaya Rabbin adıyla yağ sürüp dua eder; somut bir eylemin ad altında yapılması, bismillahın fiile verdiği çerçeveyle birleşir.
strong	incil	motif	SBLGNT:1John.5.13	adı bilerek ebedî hayatı bilmek	Tanrı Oğlunun adına iman edenlerin ebedî hayata sahip olduklarını bilmeleri için yazıldığını söyler; ad, bilme ve yaşama ulaştıran belirleyici tanım olur.
strong	incil	karsi_anlati	SBLGNT:Rev.17.5	alında yazılı Babil adı	Büyük Babil'in alnında gizemli bir ad yazılıdır; ad ve alın damgası burada putperest şehir kimliğini açığa çıkarır ve ilâhî ada ait işaretleri tersine çevirir.
strong	incil	motif	SBLGNT:Rev.19.16	savaşçı üzerinde yazılı kral adı	Atlı savaşçının kaftanı ve uyluğu üzerinde Kralların Kralı ve Rablerin Rabbi adı yazılıdır; savaş sahnesinde ad, taşınan nişan ve egemenlik bildirisi olur.
medium	tevrat	yorum_gelenegi	b. Berakhot 40b	berekette ad ve krallık	Talmud, Tanrı adı ve krallığı anılmayan bereketin bereket olmadığını öğretir; ilâhî adın dua formülünde gerekli tanıtıcı unsur oluşunu açıklar.
medium	tevrat	yorum_gelenegi	b. Menahot 43b	mavi püskülün bakıştan hatırlamaya zinciri	Talmud mavi püsküle bakışı deniz, gök ve ilâhî taht üzerinden hatırlamaya bağlar; giysideki izden anlam okuyuşunu ayrıntılandırır.
medium	tevrat	yorum_gelenegi	m. Yoma 3:8	baş kâhinin açıkça söylediği ad	Baş kâhin kefaret itirafında ilâhî adı söylediğinde dinleyenlerin yere kapanması anlatılır; en büyük adın sesli çağrıda kulluk doğurması için litürjik bir örnektir.
medium	incil	motif	SBLGNT:Acts.9.15	adı uluslara ve krallara taşıyan kişi	Pavlus, İsa'nın adını uluslar, krallar ve İsrailliler önünde taşımak için seçilmiş araç diye tanımlanır; adın insanlar arasında dolaşan kamusal tanıtım oluşuna anlatısal karşılık verir.
medium	incil	motif	SBLGNT:Eph.1.13	Ruhla mühürlenmiş aidiyet	İman edenler vaat edilen Kutsal Ruh'la mühürlenir; bedensel damga yerine görünmez ama tanıyıcı bir aidiyet mührünün Hristiyan yorumudur.
medium	incil	motif	SBLGNT:2Tim.2.19	Rabbin adını anmak ve kötülükten ayrılmak	Rabbin adını anan herkesin haksızlıktan uzaklaşması emredilir; yorumdaki ad, bilgi ve kulluk bağını ahlâkî davranışa bağlar.
medium	incil	motif	SBLGNT:1John.2.12	adı uğruna bağışlanan günahlar	Çocukların günahlarının İsa'nın adı uğruna bağışlandığı söylenir; açılıştaki merhamet adının çağrıyla bağışlanma ilişkisine Hristiyan bir karşılık verir.
medium	incil	karsi_anlati	SBLGNT:Rev.2.17	yalnız alanın bildiği yeni ad	Fatih kişiye yalnız kendisinin bildiği yeni ad yazılı beyaz taş verilir; adın herkese açık tanıtıcı iz oluşuna karşı gizli ve kişisel bir tanınma biçimi kurar.
medium	incil	yorum_gelenegi	Cyril of Jerusalem, Catechetical Lecture 13.36	alına yapılan haç işareti	Kyrillos haç işaretinin alna ve gündelik eylemlere cesaretle konmasını öğütler; Hristiyan uygulamasında görünür işaretin beden, ibadet ve aidiyeti birleştirmesidir.
