strong	22:36	scene+root+theme	Sacrificial camels stand صَوَافَّ in rows, God’s name is spoken over them, then their meat feeds both the contented القانع and the asker; this gathers the section’s camel, صفّ, remembrance, sufficiency, food, and subjection in one scene.
strong	16:66	scene+root+theme	Pure, easy-swallowed milk is given from inside livestock between waste and blood; it directly realizes the section’s udder, milk, watering, and ساغ detail.
contrast	14:17	root+scene+contrast	The hell-dweller gulps the drink ولا يكاد يسيغه, the exact reversal of the livestock milk that is سَائِغًا in 16:66 and of the section’s nourishing camel drink.
strong	16:5	scene+theme	God creates livestock for warmth, benefits, and food, directly presenting the camel as a created, many-sided human provision.
strong	16:6	scene+root+theme	Livestock are beautiful when brought home in the evening and driven to pasture in the morning; that daily herd rhythm makes concrete the section’s day-long camel travel and return at night.
strong	16:7	scene+theme	Livestock carry human loads to a country people could scarcely reach unaided, directly matching the camel as mount, bearer, and means of distant travel.
strong	36:71	root+speaker+theme	God asks whether people see that His hands’ work, عملت أيدينا, created livestock for them; this directly answers the section’s working-camel sense of ع م ل by relocating the decisive work to God.
strong	36:72	scene+theme+contrast	God makes the livestock tractable, ذللناها, so people ride and eat; the same lowering that can mark humiliation becomes mercy when applied to the camel.
strong	16:80	scene+theme	Livestock skins become portable houses and their wool, fur, and hair become furnishings and goods, exactly the section’s claim that the camel furnishes the room around its rider.
strong	22:27	scene+root+theme	Lean mounts come from every deep pass to the pilgrimage; their يأتين joins the source section’s gait sense under أ ت ي with the camel’s long-distance journey.
strong	80:24	speaker+scene+theme	The command that the human look at his food repeats the section’s commanded gaze at the camel while redirecting sight toward the provision the animal also supplies.
strong	80:31	scene+neighbour+theme	Fruit and pasture are the last named growth in the food sequence; the pasture specifically prepares 80:32’s provision for livestock and the camel that lives from fresh herbage.
strong	80:32	scene+theme+neighbour	The whole food scene is declared a provision for people and their livestock, explicitly completing the gaze begun at 80:24 with the human-animal pair developed in the section.
strong	16:10	scene+theme	Water descends for human drink and grows vegetation in which animals graze, directly joining the section’s water, fresh pasture, and camel subsistence.
strong	23:21	scene+theme	Livestock provide milk from their bellies, many other benefits, and food, concentrating the same animal body and human uses traced through the section.
strong	23:22	scene+theme+neighbour	People are carried on livestock and ships; after 23:21’s milk and food, this adds the camel’s transport function.
strong	36:73	scene+neighbour+theme	Livestock give further benefits and drinks, completing 36:71–72’s creation, riding, and eating with the section’s milk-bearing animal.
strong	40:79	scene+theme	God makes livestock so that people may ride some and eat some, a direct summary of the camel’s two central uses in the section.
strong	40:80	scene+neighbour+theme	Livestock meet needs held in human breasts and carry people as ships do, extending 40:79 from food and riding to purposeful travel.
strong	43:12	scene+theme	God creates the pairs and provides ships and livestock as mounts, locating camel travel within the ordered gift of creation.
strong	43:13	speaker+scene+theme	The rider settles on the mount’s back and remembers the One who subjected it; this is the section’s striking relation that the camel is beside the human while the human is upon it.
strong	43:14	scene+theme+neighbour	The mount prayer ends by declaring return to the Lord, joining the section’s camel journey and nightly return to the surah’s final return to God.
strong	67:15	scene+theme	God makes the earth tractable, tells people to walk its paths and eat His provision, and ends with resurrection to Him; it parallels the tractable camel’s route, food, and ultimate return.
strong	6:142	scene+theme	Livestock include load-bearing animals and animals kept close to the ground, and people may eat God’s provision; this directly frames the camel as burden bearer and food.
strong	6:144	scene+theme	The camel pair is named explicitly while false claims about males, females, and womb contents are challenged, adding sex and reproduction to the image of the created camel body.
strong	7:73	scene+theme	Salih presents God’s she-camel as a sign, tells his people to let her graze in God’s land, and forbids harm; camel, pasture, creation-sign, and human responsibility all meet.
strong	11:64	scene+theme	The she-camel is God’s sign and must be left to feed in His land, directly repeating the camel-at-pasture scene and its protected status.
strong	26:155	scene+root+theme	The she-camel receives an allotted turn to drink and the people theirs, a precise boundary around س ق ي that counters the section’s camel able to subsist on moist pasture.
strong	54:27	scene+theme	God sends the she-camel as a trial and commands watchful patience, making the animal itself a divine sign at which humans must learn how to look.
strong	54:28	scene+root+theme+neighbour	Water is divided and every drinking turn attended, supplying the concrete watering rule for the she-camel introduced in 54:27.
strong	91:13	scene+root+theme	God’s messenger warns the people to respect God’s she-camel and her drink, again binding the camel sign to a protected share of water.
strong	81:4	scene+theme+contrast	At the final upheaval even pregnant she-camels, prized living wealth, are abandoned; this sharply confirms the section’s camel-as-fortune while showing fortune’s limit.
strong	77:33	scene+theme	Hell’s sparks are likened to yellow camels, bringing the section’s familiar animal into the fire scene that precedes its command to look.
contrast	7:40	scene+contrast	A camel cannot pass through a needle’s eye, and that bodily scale marks the barred entry to heaven; the animal invited as a visible sign in the section becomes a measure of impossibility.
contrast	56:55	scene+root+contrast+neighbour	The condemned drink like desperately thirsty camels, reversing the section’s camel that can make do with moist pasture and completing 56:52–54’s hell food-and-drink scene.
strong	12:65	scene+theme	The brothers expect an added camel-load of grain, so the camel’s carrying capacity becomes a unit of measured provision and family subsistence.
strong	12:70	scene+theme	A drinking cup is placed in a saddlebag before the caravan is hailed; cup, baggage, provisioning, and camel travel meet just as milk cups and journey meet in the section.
strong	12:72	scene+theme	The lost drinking cup is paired with a camel-load as reward, again joining vessel, load, value, and caravan economy in one ayah.
strong	22:28	scene+theme	Pilgrims mention God over sacrificial livestock, eat from them, and feed the destitute, anticipating the lined camel and feeding instructions of 22:36.
strong	22:33	scene+theme	Sacrificial animals provide benefits until their appointed term and destination at the Ancient House, joining useful livestock with pilgrimage and eventual slaughter.
strong	22:34	speaker+scene+theme	Every community receives a rite in which God’s name is mentioned over the livestock He provides, setting the broader rule behind the section’s sacrificial camels.
strong	22:37	scene+theme+contrast+neighbour	Neither the animals’ meat nor blood reaches God; piety does, and their subjection should produce magnification and gratitude, defining the spiritual boundary of the camel sacrifice in 22:36.
strong	47:15	scene+theme	Paradise contains rivers of milk whose taste never changes, extending the section’s pure animal milk and prepared cups into an unspoiled heavenly provision.
strong	6:146	root+scene+contrast	The verse details a restriction on cattle and sheep fat, except what clings to backs, entrails, or bones; it directly illuminates the section’s س م ن branch, marrow fat, and edible animal body through a legal boundary.
strong	51:26	root+scene+theme	Abraham brings his guests a fat calf; the livestock’s fatness, under the section’s س م ن branch, becomes food and hospitality.
strong	9:120	root+scene+theme	Thirst, fatigue نَصَب, and hunger incurred on a journey in God’s path form the same bodily triad as the section’s water-saving, feeding, day-traveling camel.
strong	18:62	root+scene	Moses’ companion says that their journey has brought fatigue نَصَبًا, the direct travel sense activated by the section’s ن ص ب dictionary branch.
strong	20:54	scene+theme	People are told to eat and pasture their livestock among the plants God brings forth, directly staging shared human and animal provision.
strong	25:49	scene+root+theme	Rain revives dead land and gives drink to many livestock and people, linking divine watering to the herd’s life rather than treating water as an isolated substance.
strong	32:27	speaker+scene+theme	People are asked whether they see water driven to barren land and crops eaten by both their livestock and themselves, closely matching the section’s look at camel and food.
strong	79:31	scene+theme	From the spread earth God brings out its water and pasture, the two resources whose unusual relation defines the camel in the section.
strong	79:33	scene+theme+neighbour	Water, pasture, and the ordered earth are declared provision for people and livestock, completing 79:31 in the same human-animal pairing as 80:32.
strong	87:4	scene+theme	God brings out fresh pasture, the very food by which the source section says the camel can dispense with direct water for a time.
strong	3:14	scene+theme	Livestock are listed among the adorned stores of worldly wealth, directly supporting the section’s Arabic picture of the camel as property and fortune.
strong	26:133	scene+theme	Livestock and children are named as reinforcements of worldly abundance, confirming the herd as a visible form of wealth and divine provision.
strong	39:6	scene+theme	The eight livestock pairs and their formation in wombs place sex, gestation, and animal creation behind the section’s milk-bearing female camel.
contrast	7:77	scene+contrast+neighbour	The people hamstring the she-camel and defy their Lord’s command, reversing 7:73’s required gaze, grazing freedom, and care into destruction.
contrast	11:65	scene+contrast+neighbour	After the she-camel is hamstrung, only three days remain before punishment; the killed sign turns the useful protected animal into the boundary of judgment.
contrast	26:156	scene+contrast+neighbour	Salih forbids touching the she-camel with harm and ties violation to a tremendous day, stating the moral boundary around 26:155’s shared water.
contrast	26:157	scene+contrast+neighbour	They hamstring the she-camel and become regretful, the direct reversal of allowing the animal its measured drink.
contrast	54:29	scene+contrast+neighbour	The people summon their companion, who seizes and hamstrings the she-camel, turning the watched trial of 54:27 into deliberate violence.
contrast	91:14	scene+contrast+neighbour	They deny the messenger and hamstring the she-camel, so destruction follows; the creature whose drink was protected in 91:13 becomes the test they fail.
contrast	87:5	scene+theme+contrast+neighbour	Fresh pasture becomes dark stubble, setting the camel’s moist sustaining herbage against the same vegetation after it has lost its nourishment.
contrast	4:119	scene+theme+contrast	Satan’s program includes slitting livestock ears and altering God’s creation, the human mutilation of animals set against looking rightly at how the camel was created.
contrast	6:138	scene+theme+contrast	Invented rules bar access to certain livestock backs and foods, reversing the divinely given riding and eating uses developed throughout the section.
contrast	6:139	scene+theme+contrast	People falsely reserve what is in livestock wombs for men and exclude women, imposing a human food boundary on the animal body that God provides.
contrast	5:103	scene+theme+contrast	Consecrated animal categories are rejected as human inventions; the verse checks attempts to remove valuable animals, especially camel categories, from their God-given uses.
contrast	48:25	scene+contrast	Sacrificial animals are detained from reaching their appointed place at Hudaybiyya, a historical interruption of the pilgrimage movement and slaughter completed in 22:33–36.
contrast	10:24	scene+theme+contrast	Rain-fed growth eaten by people and livestock suddenly becomes reaped debris, showing the transience of the pasture on which the camel’s sufficiency depends.
contrast	12:43	root+scene+contrast	Seven lean cows consume seven fat cows, using animal fatness as the visible boundary between abundance and famine beside the section’s fat, food, and livestock wealth.
contrast	2:71	scene+theme+contrast	The commanded cow is specifically one not trained to plow or water a field, the opposite of the source section’s yaʿmala, a female camel naturally fitted for work.
contrast	62:5	scene+theme+contrast	A donkey bearing books provides a negative image of animal load-bearing: physical carriage remains while human understanding fails, unlike the camel’s load as an intelligible blessing.
contrast	35:18	theme+contrast	No morally burdened soul can make another carry its load, whereas the camel mercifully carries loads people could not transport themselves; literal service marks the limit of moral transfer.
contrast	94:2	root+theme+contrast+neighbour	God removes the Prophet’s burden, using the source section’s و ض ع root in a figurative unloading that 94:3 locates on the back.
contrast	94:3	scene+theme+contrast+neighbour	The burden had weighed upon the back, making 94:2’s relief a pointed human counterpart to the camel carrying another’s heavy load.
contrast	100:1	scene+contrast	Panting mounts charge at speed, a sharp gait contrast to the source section’s gentle all-day camel walk and its lexicon of faster and slower steps.
medium	56:52	scene+contrast+neighbour	The wrongdoers eat from the tree of Zaqqum; this hell plant is a dark counterpart to the source dictionary’s pasture plant called “camel bread” and begins the scene ending with thirsty camels in 56:55.
medium	56:53	scene+contrast+neighbour	They fill their bellies from Zaqqum, turning a plant into compulsory excess rather than the camel’s modest sufficiency; 56:55 supplies the camel comparison.
medium	56:54	root+scene+contrast+neighbour	Boiling water follows the hell food, joining eating and forced drinking before 56:55 likens the drinkers to thirsty camels.
medium	77:32	scene+neighbour	Huge sparks are thrown from the fire; this ayah supplies the object whose shape or movement 77:33 compares with yellow camels.
medium	80:25	scene+theme+neighbour	Poured water is the first material step in the food chain opened at 80:24 and completed as provision for livestock at 80:32.
medium	80:26	scene+theme+neighbour	The earth is split open so growth can emerge, preparing the pasture and animal provision named later in 80:31–32.
medium	80:27	scene+theme+neighbour	Grain is one product of the opened earth in the inspected food scene whose conclusion includes livestock.
medium	80:28	scene+theme+neighbour	Grapes and green fodder are brought forth; the vegetation gives concrete content to the camel’s fresh-herbage diet before 80:32 names livestock.
medium	80:29	scene+theme+neighbour	Olives and palms add human food to the same created provision that culminates in shared human and livestock benefit.
medium	80:30	scene+theme+neighbour	Dense gardens locate the growing environment from which 80:31’s fruit and pasture emerge for the two beneficiaries of 80:32.
medium	20:53	scene+theme+neighbour	God makes paths through the earth and sends water that produces paired plants, joining the camel journey’s route to the pasture eaten in 20:54.
medium	41:39	root+scene+theme	The humbled earth خَاشِعَةً stirs and swells after rain; the source section’s خ ش ع branch describes an exhausted camel hump sinking, while this use leads back to the rain-fed pasture that restores animal life.
medium	59:21	root+scene+contrast	A mountain would become humbled and split from fear of God; it transfers the source section’s خ ش ع image of a collapsed camel hump to the distant high object set beside the camel in surah 88.
medium	24:45	scene+theme+contrast	God creates every animal from water and includes those walking on four legs; the camel belongs to that created class even though the section stresses its unusual ability to delay drinking.
medium	35:28	speaker+scene+theme	Livestock vary in color alongside people and other creatures, supplying another visible feature through which an observer can recognize deliberate animal creation.
medium	42:11	scene+theme	God makes livestock in pairs and multiplies them, giving the reproductive basis of the herds treated as wealth and milk-bearing provision in the section.
medium	16:8	scene+theme+contrast+neighbour	Horses, mules, and donkeys are named for riding and adornment after the load-bearing livestock, defining the camel’s place among other mounts by comparison.
medium	5:1	scene+theme+contrast	Grazing livestock are made lawful as food while pilgrimage hunting has a limit, framing animal use as granted rather than simply possessed.
medium	5:2	scene+theme	Sacrificial animals and their garlands must not be violated, protecting the pilgrimage herd before the lined slaughter described in 22:36.
medium	5:95	scene+theme+contrast	A pilgrim who kills game owes an equivalent from livestock as an offering reaching the Kaaba, placing animal value, sacrifice, and pilgrimage under a measured legal boundary.
medium	2:196	scene+theme	The pilgrim must send an available sacrificial animal and wait until it reaches its place, an earlier formulation of the camel offering’s journey and appointed slaughter.
medium	2:197	scene+theme+neighbour	The pilgrimage passage commands taking provision while calling piety the best provision, adding the inward measure to 2:196’s animal offering and travel.
medium	12:19	scene+root+theme	A caravan sends its water-drawer and a bucket brings Joseph up, pairing desert travel with the act of drawing water that also governs the camel’s life.
medium	20:18	scene+theme	Moses beats down leaves with his staff for his sheep, a concrete herdsman action that parallels managing a camel herd’s access to forage.
medium	28:23	scene+root+theme	At Midian shepherds water their flocks while two women hold theirs back, staging herd, herder, and scarce shared water around the same س ق ي relation as the camel passages.
medium	28:24	scene+root+theme+neighbour	Moses waters the women’s animals, supplying the act withheld in 28:23 and turning access to water into care for a herd.
medium	21:78	scene+theme	Sheep graze through a cultivated field by night, showing that pasturing a herd also requires custody and boundaries, not merely available vegetation.
medium	38:23	scene+theme	One ewe versus ninety-nine makes herd size a form of property and power, a smaller-animal parallel to the camel wealth named in the section.
medium	11:69	root+scene+theme	Abraham brings a roasted calf to his guests, another livestock body turned into generous food beside the section’s marrow, fat, and meat senses.
medium	59:6	scene+contrast	The community had urged neither horses nor riding camels toward the recovered property, so the exact camel mount appears through the absence of a journey or charge.
medium	106:2	scene+theme	Quraysh’s winter and summer caravan journeys provide the social and economic setting in which camel travel, nightly stopping, and animal wealth belong together.
medium	17:70	scene+theme	Human beings are carried on land and sea and given good provisions; the land half is realized concretely by the burden-bearing mounts paired with ships elsewhere.
medium	56:3	root+theme+contrast	The Event is “lowering, raising,” a judgment-day pairing that echoes the source section’s opposed raised and lowered camel gaits while distinguishing those side senses from the ayah’s cosmic reversal.
medium	55:7	root+theme+contrast	God raises the sky and sets down the balance, placing the section’s ر ف ع and و ض ع opposition in a cosmic ordering rather than an animal gait.
medium	34:10	root+scene+theme	Mountains are commanded to echo or return with David under the أ و ب root; the source section uses that root for the camel’s day journey and evening return, so even the distant mountain participates in responsive return.
medium	38:19	root+scene+theme	The birds are gathered and each is أَوَّاب, turning the source section’s return-at-night root into a collected creaturely return rather than a camel caravan.
medium	35:35	root+theme+contrast	The lasting abode is a place where no fatigue نَصَب touches its people, the restful endpoint that answers the source section’s all-day journey and 18:62’s travel weariness.
medium	15:48	root+theme+contrast	No fatigue touches the people of the garden and they will not be expelled, opposing the tiring movement and temporary night stop contained in the section’s camel vocabulary.
medium	6:136	scene+theme+contrast	People divide crops and livestock between God and their partners, corrupting the camel herd’s status as a whole gift and form of wealth.
medium	6:140	scene+theme+contrast+neighbour	Those who forbid God’s livestock provision through fabrication are declared lost, closing the false-use sequence that 6:138–139 specifies.
medium	37:64	scene+contrast	Zaqqum is a tree growing in the root of Hell, a fire-grown plant that reverses the source dictionary’s ordinary fodder plant called “camel bread.”
medium	37:66	scene+contrast+neighbour	The condemned eat from Zaqqum and fill their bellies, a punitive plant meal opposed to the little fresh forage that suffices the camel.
medium	6:99	speaker+scene+theme	People are commanded to look at fruit when it forms and ripens, another disciplined gaze at created food that can train the look directed at camel and provision.
weak	108:2	scene+theme	The command وانحر plausibly evokes animal sacrifice, traditionally including the camel slaughter enacted explicitly in 22:36, though this ayah itself does not name the animal.
