strong	tevrat	motif	WLC:Ps.1.2	meditation day and night	The commentary joins the hours of the day through repeated counsel; the blessed person keeps the LORD's teaching in mind day and night, making continuity a daily practice.
strong	tevrat	motif	WLC:Ps.1.3	tree by streams; enduring fruit	The commentary's joined, rain-fed vegetation pictures sound deeds surviving time; the righteous tree bears fruit in season and does not wither.
strong	tevrat	motif	WLC:Ps.1.4	chaff blown by wind	The commentary contrasts lasting sound works with vegetation scattered by wind; the wicked are chaff driven away, supplying the loss side of that picture.
strong	tevrat	soydas	WLC:Ps.1.3	Arabic ص ل ح / Hebrew צלח; table sound correspondence	The commentary calls the deeds sound and lasting; this tree's fruit comes in season and all it does prospers, using Hebrew צלח for advancement through fruitful action.
strong	tevrat	soydas	WLC:Eccl.1.3	Arabic ع م ل / Hebrew עמל; table sound correspondence	The commentary asks what remains of work when the day and its wage are over; Ecclesiastes asks what gain a person has from all the toil under the sun.
strong	tevrat	soydas	WLC:Eccl.2.11	Arabic ع م ل / Hebrew עמל; table sound correspondence	The commentary says doing work alone can still be loss; the speaker surveys his works and toil and finds no lasting gain under the sun.
strong	tevrat	motif	WLC:Eccl.12.14	every work brought to judgment	The commentary's final day confronts each person with deeds and their due; Ecclesiastes says God brings every deed, including hidden ones, into judgment.
strong	tevrat	soydas	WLC:Gen.15.6	Arabic ء م ن / Hebrew אמנ; table sound correspondence	The commentary hears trust and a secure reliance within belief; Abram believes the LORD's promise and that reliance is counted as righteousness.
strong	tevrat	soydas	WLC:Isa.7.9	Arabic ء م ن / Hebrew אמנ; table sound correspondence	The commentary joins belief to standing securely; Isaiah warns that those who do not believe will not be established, playing on two forms of אמנ.
strong	tevrat	soydas	WLC:Isa.26.3	Arabic ء م ن / Hebrew אמנ; table sound correspondence	The commentary describes belief as the end of fear and a settled mind; God keeps in peace a mind held steadfast because it trusts him.
strong	tevrat	soydas	WLC:Exod.17.12	Arabic ء م ن / Hebrew אמנ; table sound correspondence	The commentary's mutual patience means companions hold someone up when he weakens; Aaron and Hur support Moses' heavy hands until sunset, and his hands remain steady, אמונה.
strong	tevrat	motif	WLC:Exod.17.12	two companions hold arms until evening	The commentary likens reciprocal counsel to standing behind another's burden; Aaron and Hur literally hold Moses' arms through the day's battle.
strong	tevrat	soydas	WLC:Josh.1.8	Arabic ص ل ح / Hebrew צלח; table sound correspondence	The commentary insists that work must fit the right path; Joshua is to recite the teaching and do all written in it so that his way prospers.
strong	tevrat	soydas	WLC:Ezra.6.14	Arabic ص ل ح / Aramaic צלח; table sound correspondence	The commentary's sound work builds something that endures; the Judean elders build the temple and prosper through prophetic instruction, joining work, counsel, and צלח.
strong	tevrat	motif	WLC:Gen.18.19	Abraham commands children to do justice	The commentary presents advice as a transmitted task to perform; Abraham is chosen to command his household after him to keep the LORD's way by doing righteousness and justice.
strong	tevrat	motif	WLC:Deut.6.7	teaching children continually	The commentary calls a will a word joined to the next generation; Israel is told to impress the words on children and speak them at home and on the road.
strong	tevrat	motif	WLC:Ps.78.6	children yet unborn learn and tell	The commentary's linked speech reaches beyond the speaker's life; the psalm intends the next generation, even unborn children, to learn and tell its children.
strong	tevrat	motif	WLC:Gen.49.29	Jacob commands sons before death	The commentary invokes Jacob's deathbed charge as a binding word left behind; Jacob commands his sons to bury him with his ancestors.
strong	tevrat	motif	WLC:Gen.50.25	Joseph binds descendants by oath	The commentary's inherited counsel attaches later generations to a duty; Joseph makes Israel's sons swear to carry his bones when God visits them.
strong	tevrat	paralel	WLC:Gen.37.31	Joseph's brothers bloodied tunic	The commentary recalls the brothers' false report and Jacob's withheld trust; Genesis likewise has the brothers dip Joseph's tunic in goat's blood as fabricated evidence.
strong	tevrat	karsi_anlati	WLC:Gen.37.33	Jacob concludes beast devoured Joseph	The commentary's Quranic Jacob rejects the brothers' story and chooses beautiful patience; Genesis' Jacob recognizes the bloody tunic and concludes a wild animal tore Joseph apart.
strong	tevrat	paralel	WLC:Gen.45.26	Jacob does not believe brothers	The commentary explores giving or withholding belief from family testimony; Genesis later says Jacob's heart goes numb and he does not believe the brothers' news that Joseph lives.
strong	tevrat	motif	WLC:Gen.43.9	Judah becomes surety for Benjamin	The commentary develops sabır as a guarantor who bears another's obligation; Judah makes himself surety for Benjamin and accepts lifelong blame if he fails to return him.
strong	tevrat	motif	WLC:Gen.44.33	Judah offers himself in place of Benjamin	The commentary pictures community members holding another when he cannot bear the debt; Judah asks to remain as slave instead of Benjamin.
strong	tevrat	motif	WLC:Exod.18.22	judges share Moses' burden	The commentary distinguishes a rightful load from crushing overload; Moses is instructed to appoint others to judge ordinary cases so they carry the burden with him.
strong	tevrat	motif	WLC:Num.11.17	elders bear burden with Moses	The commentary's reciprocal patience shares what one cannot carry alone; God puts the spirit on elders so they bear the people with Moses.
strong	tevrat	motif	WLC:Deut.24.15	pay worker before sunset	The commentary's day closes with earned wages due; Deuteronomy requires a poor hired worker's wages on that day before the sun sets.
strong	tevrat	motif	WLC:Prov.3.27	do not withhold another's due	The commentary gives hak the sense of a payable share; Proverbs forbids withholding good from its rightful recipient when one can give it.
strong	tevrat	motif	WLC:Lev.19.17	reprove neighbor rather than bear sin	The commentary makes truth a word responsibly handed to another; Leviticus requires open reproof of a neighbor instead of silently sharing the neighbor's sin.
strong	tevrat	motif	WLC:Zech.8.16	speak truth and judge for peace	The commentary moves hak from litigation into communal counsel; Zechariah commands neighbors to speak truth and judges to make truthful judgments that yield peace.
strong	tevrat	motif	WLC:Mal.3.16	those fearing God speak together	The commentary distinguishes solitary belief from reciprocal speech; those fearing the LORD speak with one another, and a record is written before God for them.
strong	tevrat	motif	WLC:Isa.58.7	share bread and shelter poor	The commentary's joined pasture lets one person feed another and tests goodness in practice; Isaiah's chosen fast requires sharing bread and bringing the homeless into one's house.
strong	tevrat	motif	WLC:Isa.58.11	watered garden in parched places	The commentary's rain-fed joined growth represents lives that sustain one another; after acts of justice, the LORD promises to guide and make the people like an unfailing watered garden.
strong	tevrat	motif	WLC:Prov.25.14	clouds and wind without rain	The commentary's cloud must nourish connected vegetation; the person who boasts of a gift never given is likened to wind and clouds without rain.
strong	tevrat	soydas	WLC:Gen.41.49	Arabic ص ب ر / Hebrew צבר; table sound correspondence	The commentary notes a secondary sabr word for grain bought in unmeasured heaps; Joseph heaps up grain beyond counting, using Hebrew צבר for storing a vast pile.
strong	tevrat	soydas	WLC:Prov.28.27	Arabic خ س ر / Hebrew חסר; table sound correspondence	The commentary's loss and reciprocal provision meet in the market image; Proverbs says one who gives to the poor will not lack, חסר, whereas concealing one's eyes invites curses.
strong	tevrat	soydas	WLC:Ps.23.1	Arabic خ س ر / Hebrew חסר; table sound correspondence	The commentary asks how one exits the state of loss; the psalmist trusts the LORD as shepherd and says he will not lack, חסר.
strong	tevrat	soydas	WLC:Exod.18.20	Arabic ح ق ق / Hebrew חקק; table sound correspondence	The commentary joins prescribed right, instruction, a path, and work; Moses is to teach statutes, חקים, the way to walk, and the deed the people must do.
strong	tevrat	soydas	WLC:Prov.8.29	Arabic ح ق ق / Hebrew חקק; table sound correspondence	The commentary's door socket and vessel rim make right a fitting boundary; Wisdom recalls God assigning the sea its boundary so waters would not cross the prescribed limit.
strong	tevrat	soydas	WLC:Ps.119.5	Arabic ح ق ق / Hebrew חקק; table sound correspondence	The commentary says patience holds conduct aligned with what is due; the psalmist wishes his ways were firm in keeping God's statutes, חקים.
strong	tevrat	soydas	WLC:Ps.106.30	Arabic ع ص ر / Hebrew עצר; table sound correspondence	The commentary develops holding back as active restraint rather than passivity; Phinehas stands and intervenes, and the plague is stopped, ותעצר.
strong	tevrat	motif	WLC:Ps.125.1	trusters as immovable Zion	The commentary's hard stone and mountain illustrate holding firm when threatened; those who trust the LORD are compared with Mount Zion, which cannot be moved.
strong	tevrat	motif	WLC:Hab.2.3	wait for appointed vision	The commentary grounds patient waiting in a true promise that will come due; Habakkuk says the vision awaits its appointed time and must be awaited even if it seems delayed.
strong	tevrat	soydas	WLC:Hab.2.4	Arabic ء م ن / Hebrew אמנ; table sound correspondence	The commentary binds trust to patient endurance; Habakkuk contrasts the proud person with the righteous one who lives by faithfulness, אמונה, while awaiting the vision.
strong	tevrat	motif	WLC:Ps.37.7	be still and wait amid wrongdoers	The commentary defines patience as restraining oneself until a promised right arrives; the psalm commands stillness before the LORD and waiting rather than agitation over the prosperous schemer.
strong	tevrat	motif	WLC:Prov.27.6	faithful wounds from a friend	The commentary says true counsel and corrective patience may be bitter but healing; Proverbs values a friend's faithful wounds over an enemy's profuse kisses.
strong	tevrat	motif	WLC:Eccl.4.10	companion lifts fallen person	The commentary's reciprocal counsel means another holds one who weakens; Ecclesiastes says a companion lifts a fallen partner, while the solitary fallen person lacks a helper.
strong	tevrat	motif	WLC:Eccl.4.12	threefold cord resists breaking	The commentary's separate strands join into a durable communal fabric; Ecclesiastes says a threefold cord is not quickly broken after describing companions' mutual defense.
strong	tevrat	karsi_anlati	WLC:Job.8.14	trust like spider web	The commentary contrasts sound, tightly woven work with a spider's fragile house; Bildad likens the godless person's confidence to a spider's web, testing what can hold weight.
strong	tevrat	karsi_anlati	WLC:Isa.59.6	spider webs cannot clothe	The commentary's tightly woven cloth figures sound work; Isaiah says violent people's webs cannot become clothing and their works are works of wrongdoing.
strong	tevrat	motif	WLC:Prov.11.1	false balance condemned	The commentary's market loss includes short measure while hak names another's due; Proverbs calls a deceitful balance abhorrent and an accurate weight pleasing.
strong	tevrat	motif	WLC:Amos.8.5	shrinking measure and deceitful scales	The commentary develops trading loss and the right owed a neighbor; merchants in Amos eagerly await the market to make the ephah small and falsify scales.
strong	incil	motif	SBLGNT:Jas.2.17	faith without deeds dead	The commentary insists that belief is followed by sound action; James says faith without works is dead, giving the commentary's pairing of belief and action a stark test.
strong	incil	motif	SBLGNT:Jas.2.22	faith works with deeds	The commentary places belief and performed deeds together rather than treating belief as a bare claim; James says Abraham's faith cooperated with his works and was completed by them.
strong	incil	motif	SBLGNT:Heb.10.24	mutually stir love and good works	The commentary distinguishes individual action from mutual encouragement; Hebrews asks believers to consider one another so as to provoke love and good works.
strong	incil	motif	SBLGNT:Heb.10.25	encourage one another as day approaches	The commentary's repeated reciprocal verbs keep a group together until the day of reckoning; Hebrews says to keep assembling and encouraging one another as that day draws near.
strong	incil	motif	SBLGNT:Heb.3.13	exhort each other every day	The commentary connects day to day through repeated truthful advice; Hebrews commands daily mutual exhortation so sin's deceit does not harden a member.
strong	incil	motif	SBLGNT:Eph.4.25	speak truth as members of one body	The commentary turns hak into something passed between mutually attached people; Ephesians commands each to speak truth with a neighbor because believers are members of one another.
strong	incil	motif	SBLGNT:Eph.4.15	truth in love grows joined body	The commentary's true word binds people into a living fabric; Ephesians connects speaking truth in love to growing toward Christ as head.
strong	incil	motif	SBLGNT:Eph.4.16	joints hold body as each part works	The commentary joins fitting parts, intentional work, and a mutual support network; Ephesians describes the whole body joined by supporting joints, each part working toward growth in love.
strong	incil	motif	SBLGNT:1Thess.5.14	admonish, help weak, be patient all	The commentary gives separate places to truthful counsel and patient support; Paul orders admonition of the idle, encouragement of the fainthearted, help for the weak, and patience toward all.
strong	incil	motif	SBLGNT:Gal.6.2	bear one another's burdens	The commentary's sabır includes acting as another's guarantor under a load; Paul commands believers to carry one another's burdens.
strong	incil	motif	SBLGNT:Rom.15.1	strong bear weak	The commentary says one person holds another when the latter cannot stand; Paul tells the strong to bear the weaknesses of the weak rather than please themselves.
strong	incil	motif	SBLGNT:1Cor.12.26	all suffer with suffering member	The commentary's reciprocal patience makes another's hardship communal; Paul says that when one bodily member suffers, all suffer together.
strong	incil	motif	SBLGNT:Matt.20.8	evening wages to laborers	The commentary imagines day's end when intentional labor meets its wage; in Jesus' vineyard story evening arrives and the owner orders the workers' wages paid.
strong	incil	karsi_anlati	SBLGNT:Matt.20.12	all paid alike despite unequal hours	The commentary's commercial image expects a measured work wage; the earlier vineyard workers protest that one-hour laborers are made equal to those who endured the day's heat, making generosity complicate the account.
strong	incil	motif	SBLGNT:1Cor.3.8	planter and waterer paid for labor	The commentary joins watering vegetation, workers, and recompense; Paul says the planter and waterer are one and each receives wages according to labor.
strong	incil	motif	SBLGNT:1Cor.3.6	one plants another waters	The commentary's green clusters depend on successive people nourishing a continuous growth; Paul names his planting and Apollos' watering, while God gives growth.
strong	incil	motif	SBLGNT:Gal.6.9	keep doing good until harvest	The commentary makes patience the strength that holds sound deeds until their due time; Paul says not to tire of doing good, for a harvest comes if they do not give up.
strong	incil	motif	SBLGNT:Jas.5.7	farmer waits for rain and fruit	The commentary's linked vegetation needs rain and endurance through the seasons; James asks believers to be patient like a farmer waiting for precious fruit and the seasonal rains.
strong	incil	motif	SBLGNT:Jas.5.8	establish hearts while awaiting arrival	The commentary's patience is a firm inner boundary while a promise approaches; James tells believers to be patient and establish their hearts because the Lord's coming is near.
strong	incil	motif	SBLGNT:Heb.10.36	endurance needed to receive promise	The commentary puts patience after the trustworthy promised right; Hebrews says endurance is needed after doing God's will so the promise may be received.
strong	incil	motif	SBLGNT:Rom.8.25	wait patiently for unseen hope	The commentary calls waiting an active self-restraint grounded in a future reality; Paul says believers wait with endurance for the hope they cannot yet see.
strong	incil	motif	SBLGNT:Jas.5.11	Job interpreted as endurance	The commentary's patience remains in place under hard circumstances; James explicitly names Job's endurance and the Lord's merciful outcome as an example.
strong	incil	yorum_gelenegi	SBLGNT:Heb.10.38	Habakkuk's faithful righteous one	The commentary links believing to steadfast waiting for a true promise; Hebrews applies Habakkuk's righteous-by-faithfulness line to a community warned against drawing back.
strong	incil	motif	SBLGNT:2Tim.2.24	truth taught without quarrels	The commentary contrasts fighting over hak with offering it to another; Paul says the Lord's servant must avoid quarrels, be kind, able to teach, and patient under wrong.
strong	incil	motif	SBLGNT:2Tim.2.25	gentle correction toward truth	The commentary says sound counsel can turn enemies toward friendship; Paul orders gentle correction of opponents in hope that God grants them knowledge of truth.
strong	incil	motif	SBLGNT:Rom.12.20	feed hungry enemy	The commentary's patient response repairs hostility rather than competing over right; Paul directs feeding and giving drink to an enemy in need.
strong	incil	motif	SBLGNT:Rom.12.21	overcome evil with good	The commentary's ultimate patience turns hostility into friendship through good action; Paul says to overcome evil with good.
strong	incil	motif	SBLGNT:2Cor.4.7	treasure held in clay vessels	The commentary pictures an inner good kept from spilling by the vessel's boundary; Paul speaks of treasure in fragile earthen vessels, with sustaining power attributed to God.
strong	incil	motif	SBLGNT:2Cor.4.8	pressed but not crushed	The commentary defines patience as retaining what is within under pressure; Paul describes being afflicted and perplexed without being crushed or driven to despair.
strong	incil	motif	SBLGNT:Matt.7.24	hearing and doing builds on rock	The commentary's sound work fits its truth like a settled door hinge; Jesus' wise hearer does his words and builds a house on rock that can endure.
strong	incil	karsi_anlati	SBLGNT:Matt.7.26	hearing without doing builds on sand	The commentary says good work must match a true word or the structure fails; Jesus' foolish hearer does not act on the words and builds on sand.
strong	incil	motif	SBLGNT:1Cor.3.13	day tests each person's work	The commentary's final day confronts workers with the true worth of deeds; Paul says the day reveals each one's work through fire.
strong	incil	motif	SBLGNT:Matt.16.27	each repaid according to deeds	The commentary's Hāqqa faces every human with what they did; Jesus says the Son of Man will come in glory and repay each according to conduct.
strong	incil	motif	SBLGNT:Rev.20.12	dead judged by written deeds	The commentary's day gives each person a due reckoning for work; Revelation describes the dead judged by what was written in opened books according to their deeds.
strong	incil	motif	SBLGNT:Mark.8.36	gain world yet forfeit life	The commentary's loss is deeper than an unfavorable trade; Jesus asks what profit comes from gaining the whole world while forfeiting one's life.
medium	tevrat	soydas	WLC:Prov.11.24	Arabic خ س ر / Hebrew חסר; table sound correspondence	The commentary links commercial loss with giving others their due; Proverbs contrasts one who scatters and increases with one who withholds what is right and comes to want, מחסור.
medium	tevrat	soydas	WLC:Deut.2.7	Arabic خ س ر / Hebrew חסר; table sound correspondence	The commentary's trust can carry a person through an exposed road; Moses recalls that Israel traversed the wilderness with God's provision and lacked nothing, חסר.
medium	tevrat	soydas	WLC:1Kgs.8.35	Arabic ع ص ر / Hebrew עצר; table sound correspondence	The commentary links restrained rain to a parched landscape needing renewed connection; Solomon describes heaven shut up, בהעצר, with no rain when the people sin, then prayer for pardon.
medium	tevrat	soydas	WLC:Job.19.23	Arabic ح ق ق / Hebrew חקק; table sound correspondence	The commentary's hak also means an obligation fixed in a transmissible word; Job wishes his words were written and inscribed, ויחקו, giving a durable witness to his case.
medium	tevrat	soydas	WLC:Prov.16.26	Arabic ع م ل / Hebrew עמל; table sound correspondence	The commentary connects work to a body's practical need and its wage; Proverbs says the laborer's appetite labors for him because his mouth presses him on.
medium	tevrat	motif	WLC:Ps.127.1	builders toil in vain without God	The commentary's well wall and house must hold after labor ends; the psalm says builders labor in vain unless the LORD builds the house.
medium	tevrat	motif	WLC:Ps.90.17	establish the work of our hands	The commentary asks that intentional work become lasting and sound; the psalm prays twice for God to establish the work of human hands.
medium	tevrat	motif	WLC:Prov.24.12	repayment according to deeds	The commentary's final day measures the act rather than self-description; Proverbs says the one who weighs hearts knows evasions and repays each according to work.
medium	tevrat	motif	WLC:Jer.17.10	heart examined and work repaid	The commentary makes belief an inward trust expressed through deeds; God says he searches the heart and gives each person according to conduct and the fruit of deeds.
medium	tevrat	motif	WLC:Ps.112.7	no fear at bad news	The commentary makes belief the end of fear backed by endurance; the righteous person's heart is firm, trusting the LORD even on hearing bad news.
medium	tevrat	motif	WLC:Prov.3.23	walk securely without stumbling	The commentary's trustworthy long-road camel is tested by whether it falters; Wisdom promises secure walking and a foot that does not stumble to one keeping sound judgment.
medium	tevrat	motif	WLC:Mic.6.8	do justice, love kindness, walk humbly	The commentary's four actions require right done in daily conduct; Micah tells the hearer what good the LORD requires in justice, loyalty, and humble walking.
medium	tevrat	motif	WLC:Zech.7.9	true justice and mutual mercy	The commentary's hak is a duty to others rather than a prize in a dispute; Zechariah commands true judgments and kindness and mercy to one another.
medium	tevrat	motif	WLC:Ps.133.1	brothers dwell together in unity	The commentary likens separate green patches becoming one continuous pasture to communal attachment; the psalm praises brothers dwelling together in unity.
medium	tevrat	motif	WLC:Ps.133.3	dew and blessing of life	The commentary lets rain turn joined growth into sustenance; the psalm ends its picture of united brothers with dew on Zion and the LORD's blessing of life.
medium	tevrat	motif	WLC:Isa.58.12	repair breach and restore paths	The commentary's sound works mend rather than leave torn connections; after the fasting passage, Isaiah calls the faithful repairers of breaches and restorers of paths to dwell in.
medium	tevrat	motif	WLC:Prov.15.1	gentle answer turns wrath away	The commentary turns a contentious claim of right into speech that can repair relation; Proverbs says a gentle response turns away anger while a harsh word stirs it.
medium	tevrat	motif	WLC:Deut.19.15	multiple witnesses establish matter	The commentary's inherited counsel must carry a true claim, not mere assertion; Deuteronomy requires two or three witnesses to establish a charge.
medium	tevrat	motif	WLC:Prov.14.5	faithful witness refuses lying	The commentary connects trustworthy belief, truth, and a word handed on; Proverbs contrasts the faithful witness who does not lie with the false witness who breathes lies.
medium	tevrat	motif	WLC:Deut.15.8	open hand and sufficient loan	The commentary says hak is a concrete debt and a load measured by capacity; Deuteronomy commands an open hand and enough lending to meet a poor brother's need.
medium	tevrat	motif	WLC:Lev.19.13	wage due before morning	The commentary's hak includes what the worker is owed when work ends; Leviticus forbids keeping a hired worker's wages overnight.
medium	tevrat	motif	WLC:Prov.20.10	dishonest weights and measures	The commentary's loss includes reducing what the other party receives; Proverbs condemns differing weights and differing measures alike.
medium	tevrat	motif	WLC:1Sam.17.47	the battle belongs to God	The commentary recalls those facing Goliath asking for steadiness; David tells the gathered fighters that victory is the LORD's and he will give the Philistines into Israel's hand.
medium	tevrat	paralel	WLC:1Sam.17.49	David's decisive strike against Goliath	The commentary cites the Quranic army's prayer for patience before Goliath; the Hebrew narrative supplies David's stone striking Goliath's forehead in that same battle.
medium	tevrat	karsi_anlati	WLC:Exod.9.11	magicians cannot stand before Moses	The commentary's Quranic magicians believe, face Pharaoh's threat, and pray for patience; Exodus here reports the Egyptian magicians unable to stand before Moses because of boils, without a conversion scene.
medium	tevrat	motif	Mishnah Avot 2:15	short day; great work; much reward	The commentary's day is a limited work period that ends in reckoning; Rabbi Tarfon's saying calls the day short, the work great, and the reward abundant.
medium	tevrat	motif	Mishnah Avot 2:16	unfinished work still obliges	The commentary refuses to make loss inevitable merely because the task exceeds one person; the next saying says one need not finish the work yet is not free to stop, with a faithful employer paying.
medium	tevrat	motif	Mishnah Peah 1:1	good deeds; principal preserved	The commentary contrasts transient capital with deeds yielding lasting return; the mishnah counts acts of kindness and peacemaking among deeds whose benefit is enjoyed now while principal remains for the world to come.
medium	tevrat	motif	Mishnah Avot 1:12	pursue peace and draw people to teaching	The commentary turns disputed hak into an offered, connecting word; Hillel urges loving and pursuing peace, loving people, and drawing them near to Torah.
medium	tevrat	motif	Mishnah Avot 1:6	acquire a friend and judge favorably	The commentary's reciprocal advice needs a trusted receiver as well as speaker; the mishnah tells a person to acquire a companion and judge each person favorably.
medium	incil	motif	SBLGNT:2Tim.2.2	entrust teaching to faithful teachers	The commentary's will binds successive generations to actionable speech; Paul orders Timothy to entrust what he heard to reliable people able to teach others.
medium	incil	motif	SBLGNT:Heb.11.22	Joseph's dying instruction remembered	The commentary cites a deathbed word that joins the dead and living; Hebrews interprets Joseph's instruction about his bones as an act of faith in Israel's coming exodus.
medium	incil	motif	SBLGNT:3John.1.3	brothers testify to truth in you	The commentary pictures hak passed among people whose life agrees with their speech; John rejoices that visiting brothers testify to the addressee's truth and truthful walk.
medium	incil	motif	SBLGNT:3John.1.5	faithful work for brothers and strangers	The commentary's good deed nourishes the next person across a gap; John calls the addressee's service to brothers, including strangers, a faithful action.
medium	incil	motif	SBLGNT:1Thess.5.11	encourage and build one another	The commentary's two reciprocal verbs make the group a structure each helps maintain; Paul commands mutual encouragement and building up.
medium	incil	motif	SBLGNT:Gal.6.1	restore another and watch yourself	The commentary moves from quarrel to mended relationship while requiring self-restraint; Paul instructs spiritual people to restore a transgressor gently and watch themselves.
medium	incil	motif	SBLGNT:Matt.18.15	reprove brother to regain him	The commentary's truthful advice aims at reconnection, not victory over a disputant; Jesus orders private correction of a sinning brother with the aim of gaining him.
medium	incil	motif	SBLGNT:Matt.18.16	witnesses accompany correction	The commentary joins advice, testimony, and the rights of another; Jesus adds one or two witnesses when private correction fails so a matter is established.
medium	incil	motif	SBLGNT:1Cor.9.25	athlete exercises self-control for crown	The commentary makes sabır an active holding of the self for a lasting reward; Paul compares an athlete's discipline for a fading wreath with an imperishable one.
medium	incil	motif	SBLGNT:Luke.8.15	hold word and bear fruit with endurance	The commentary joins a contained true word, lasting growth, and patient holding; Jesus' good-soil hearers hold the word in a good heart and bear fruit with endurance.
medium	incil	motif	SBLGNT:1Cor.13.6	rejoice with truth	The commentary orders endurance after the right object of counsel; Paul says love does not rejoice in wrongdoing but rejoices with truth.
medium	incil	motif	SBLGNT:1Cor.13.7	love bears and endures all things	The commentary's communal patience is a support for another; Paul describes love as bearing and enduring all things immediately after its allegiance to truth.
medium	incil	motif	SBLGNT:1Cor.15.58	labor in Lord not empty	The commentary asks whether deeds survive the vanishing day; Paul urges steadfast abundant work because labor in the Lord is not in vain.
medium	incil	motif	SBLGNT:Rom.5.3	suffering produces endurance	The commentary treats patience as active firmness under pressure; Paul says believers rejoice even in afflictions because affliction produces endurance.
medium	incil	motif	SBLGNT:Rom.5.5	love poured into hearts	The commentary evokes patience poured upon threatened believers from a vessel; Paul speaks of divine love poured into hearts in a passage about hope sustained amid affliction.
medium	incil	motif	SBLGNT:Heb.12.11	painful discipline yields righteous fruit	The commentary's bitter remedy is judged by healing rather than pleasant taste; Hebrews calls discipline painful at the time but says it later yields peaceful fruit of righteousness.
medium	incil	motif	SBLGNT:Jas.5.4	withheld wages cry out	The commentary names hak as a wage owed to another; James says the unpaid wages of field workers cry out against landowners.
medium	incil	motif	SBLGNT:2Cor.8.13	relief for others without crushing you	The commentary says a rightful burden must not exceed its bearer; Paul rejects relieving others by putting the givers into hardship.
medium	incil	motif	SBLGNT:2Cor.8.14	mutual supply and equality	The commentary's reciprocity lets each person nourish another when able; Paul describes present abundance meeting others' need and later their abundance meeting yours.
medium	incil	motif	SBLGNT:Matt.11.30	light burden and easy yoke	The commentary distinguishes the eligible animal's load from overdriving it; Jesus calls his yoke kind and his burden light after inviting the weary to rest.
medium	incil	motif	SBLGNT:2Tim.1.14	guard entrusted good deposit	The commentary's inherited will must be kept for its next receiver; Paul directs Timothy to guard the good deposit entrusted to him.
medium	incil	motif	SBLGNT:Heb.10.23	hold hope because promiser faithful	The commentary says patient holding is grounded in the truth of a promise; Hebrews calls for firm confession of hope because the one who promised is faithful.
medium	incil	motif	SBLGNT:Eph.4.14	winds of deceptive teaching	The commentary's storm threatens to scatter a joined living network; Ephesians warns against being tossed by waves and carried by winds of teaching arising from human deceit.
medium	incil	karsi_anlati	SBLGNT:Jude.1.12	rainless clouds of false teachers	The commentary's cloud should feed linked vegetation and its true counsel should nourish others; Jude calls corrupt intruders waterless clouds swept along by wind.
medium	incil	motif	SBLGNT:John.15.4	branch remains to bear fruit	The commentary's joined plants cannot nourish in isolation; Jesus says a branch cannot bear fruit by itself unless it remains in the vine.
medium	incil	motif	SBLGNT:John.15.12	love one another as command	The commentary's mutual advice makes each person both giver and receiver; Jesus explicitly commands his disciples to love one another in the vine-and-fruit discourse.
medium	incil	motif	SBLGNT:Matt.6.20	store treasure beyond decay	The commentary contrasts a shrinking worldly capital with sound acts that remain; Jesus directs storing treasure in heaven where decay and theft cannot reach.
medium	incil	motif	SBLGNT:Luke.21.19	endurance gains life	The commentary places self-restraint inside the exception from loss; Jesus tells threatened disciples that through endurance they will gain their lives.
medium	incil	motif	SBLGNT:2Tim.4.3	teachers amassed to suit desires	The commentary warns that mutual recommendation can transmit falsehood unless truth is its object; Paul predicts listeners accumulating teachers to satisfy their own desires.
medium	incil	motif	SBLGNT:1Pet.3.9	bless in response to insult	The commentary's patience transforms hostility into a repairable bond; Peter directs believers to return blessing rather than insult or evil for what they suffer.
medium	incil	motif	SBLGNT:Heb.4.12	word pierces and judges	The commentary's unswerving spear stroke pictures truth entering rather than glancing aside; Hebrews calls God's word sharper than a two-edged sword, piercing and discerning the heart.
medium	incil	motif	SBLGNT:Eph.6.14	truth as battle equipment	The commentary's hak can name a defended standard in conflict; Ephesians puts truth on the standing believer as a belt in the armor passage.
medium	incil	motif	SBLGNT:Rev.3.19	loving reproof and discipline	The commentary's true advice resembles bitter medicine that repairs; the risen speaker says those he loves he reproves and disciplines, then calls for zeal and repentance.
medium	incil	motif	SBLGNT:Rev.2.4	endurance without former love	The commentary warns that persistence can hold to the wrong thing unless joined to right counsel; the Ephesian assembly is faulted for abandoning its first love, showing that persistence needs its right object.
medium	tevrat	motif	WLC:Ps.15.2	do justice and speak truth in heart	The commentary links sound deeds with hak as speech fitted to reality; the person allowed to dwell with God walks blamelessly, does righteousness, and speaks truth inwardly.
medium	tevrat	motif	WLC:Isa.1.17	learn good and defend vulnerable	The commentary defines sound work by whether it benefits another and pays a right; Isaiah tells hearers to learn doing good, seek justice, and defend orphan and widow.
medium	tevrat	motif	WLC:Isa.55.10	rain nourishes earth and seed	The commentary develops a cloud whose rain turns separate sprouts into abundant food; Isaiah compares rain and snow watering earth so it sprouts and gives seed and bread.
medium	tevrat	motif	WLC:Isa.55.11	word accomplishes its purpose	The commentary's will is speech given to another for an act, not a light suggestion; Isaiah says God's word goes out and accomplishes the purpose for which it was sent.
medium	tevrat	motif	WLC:Prov.27.9	ointment and friend's counsel	The commentary's bitter medicine may become restorative truth shared by a companion; Proverbs juxtaposes cheering ointment with the sweetness of a friend's earnest counsel.
medium	tevrat	motif	WLC:Prov.3.3	bind truth and loyalty to heart	The commentary's firm word must stay joined to the person bearing it; Proverbs tells the learner to bind steadfast love and truth about the neck and write them on the heart.
medium	tevrat	motif	WLC:Isa.40.31	trust renews strength on road	The commentary's reliable mount and patient travelers do not collapse on a long road; those waiting for the LORD renew strength and walk without fainting.
medium	tevrat	motif	WLC:Job.8.15	house cannot stand under weight	The commentary's sound construction is proved by whether it supports the one leaning on it; Bildad says the godless person leans on his house but it will not stand.
medium	tevrat	motif	WLC:Prov.25.21	feed hungry enemy	The commentary's most difficult patience turns antagonism toward friendship; Proverbs instructs feeding and giving water to an enemy rather than returning injury.
medium	tevrat	motif	WLC:Prov.17.17	friend present in adversity	The commentary's sabır as guarantor stands with another in hard affairs; Proverbs says a friend loves at all times and a brother is born for adversity.
medium	tevrat	motif	WLC:Ps.46.2	God a refuge in trouble	The commentary's belief is entry into safety before a coming threat; the psalm calls God refuge and strength, a help readily found in trouble.
medium	tevrat	motif	WLC:Ps.46.3	no fear though earth changes	The commentary's trusting person holds firm even when the path or mountain fails; the psalm says they will not fear even if earth changes and mountains slip into the sea.
medium	tevrat	motif	Sirach 6:14	faithful friend a secure shelter	The commentary joins trust in another to reciprocal support; Sirach describes a faithful friend as a strong shelter and a treasure to the one who finds one.
medium	tevrat	soydas	WLC:Ps.39.7	Arabic ص ب ر / Hebrew צבר; table sound correspondence	The commentary links an unweighed heap to the uncertain fate of accumulated capital; the psalm says a person heaps up, יצבר, yet does not know who will collect it.
medium	tevrat	soydas	WLC:Job.27.16	Arabic ص ب ر / Hebrew צבר; table sound correspondence	The commentary juxtaposes heaped goods and their eventual accounting; Job says the wicked may heap silver like dust, an image of amassed goods whose quantity alone says nothing about their worth.
medium	tevrat	motif	WLC:Zech.8.19	love truth and peace	The commentary makes hak a word that heals relations rather than wins a quarrel; Zechariah tells the returned community to love truth and peace in the context of renewed communal fasts.
medium	tevrat	motif	WLC:Prov.27.17	friends sharpen one another	The commentary gives mutual counsel two equal directions; Proverbs says iron sharpens iron and one person sharpens another, making improvement an interpersonal act.
medium	tevrat	motif	WLC:Jer.6.14	false reassurance of peace	The commentary warns that advice without hak can keep people in the wrong course; Jeremiah condemns leaders who lightly heal a deep wound by saying peace when there is none.
medium	incil	motif	SBLGNT:Eph.2.8	faith and saving grace	The commentary calls believers an exception rescued from loss; Ephesians calls salvation through faith a gift of grace, exposing a distinct account of how rescue relates to deeds.
medium	incil	motif	SBLGNT:Eph.2.10	created for good works prepared to walk in	The commentary insists the saved community actually performs sound works; Ephesians says believers are created in Christ for good works prepared as a way to walk.
medium	incil	motif	SBLGNT:Rom.2.7	patient doing good for lasting life	The commentary joins good work with patience and a lasting outcome; Paul describes those who persevere in good work while seeking glory and immortality receiving eternal life.
medium	incil	motif	SBLGNT:Rev.2.19	works, love, faith, service, endurance	The commentary gives distinct verbs to belief, work, and shared patience; the message to Thyatira commends its works, love, faith, service, and endurance, with later works exceeding earlier ones.
medium	incil	motif	SBLGNT:Col.3.16	word dwelling within; mutual teaching	The commentary has truth held inwardly and passed back and forth; Colossians says the word of Christ should dwell richly among believers as they teach and admonish one another.
medium	incil	motif	SBLGNT:Col.3.13	bear and forgive one another	The commentary defines reciprocal patience as supporting another through fault and fracture; Colossians calls for bearing with and forgiving one another as the Lord forgave them.
medium	incil	motif	SBLGNT:Jas.1.4	endurance completes its work	The commentary treats patience as an active force that keeps a task whole; James tells believers to let endurance have its full work so they become complete and lacking nothing.
medium	incil	motif	SBLGNT:1Tim.6.18	rich do good and share	The commentary contrasts capital kept for oneself with the reciprocal work that saves from loss; Paul commands the wealthy to do good, be rich in good works, and be ready to share.
medium	incil	motif	SBLGNT:1Tim.6.19	treasure laid up for future	The commentary weighs perishable wealth against deeds that remain; Paul says such generosity stores a good foundation for the future so the wealthy may grasp real life.
medium	incil	motif	SBLGNT:Luke.6.38	full measure returned to giver	The commentary plays on a heap received without weighing against the wage of patient giving; Jesus promises a pressed, shaken, overflowing measure to those who give, while retaining a measure-for-measure rule.
medium	incil	motif	SBLGNT:Phil.4.9	received teaching put into practice	The commentary defines advice as something transmitted for another to perform; Paul tells believers to practice what they learned, received, heard, and saw in him, then promises the God of peace will be with them.
medium	incil	motif	SBLGNT:Rev.2.3	endurance under hardship	The commentary says patience must hold while the true word costs something; the Ephesian assembly is credited with enduring hardship for the speaker's name without growing weary.
medium	incil	motif	SBLGNT:Rom.5.4	endurance leads to tested character and hope	The commentary treats sabır as pressure that preserves an inner good until its time; Paul says endurance produces tested character and tested character hope.
weak	tevrat	motif	WLC:Ps.60.6	banner displayed for truth	The commentary's hak can be a standard one is obliged to protect; the psalm depicts a banner given to those who fear God, linked to truth, though the precise WLC verse and rendering of the final phrase need verification.
weak	tevrat	motif	WLC:Prov.31.21	household protected from snow	The commentary uses severe winter cold as a test of patient protection; the capable woman does not fear snow for her household because they are clothed, a possible practical counterpart to sustaining others through cold.
weak	incil	motif	SBLGNT:2Pet.2.17	springs without water in a storm	The commentary's joined pasture relies on a trustworthy source of nourishment; false teachers are described as waterless springs and mists driven by storm, an inverse image of counsel that feeds others.
strong	tevrat	soydas	WLC:Isa.28.16	Arabic ء م ن / Hebrew אמנ; table sound correspondence	The commentary hears a settled refusal to panic inside belief; Isaiah says the one who believes in the tested cornerstone will not hurry in alarm, joining trust to patient footing.
strong	tevrat	soydas	WLC:Ps.27.13	Arabic ء م ن / Hebrew אמנ; table sound correspondence	The commentary grounds waiting in trust that a good outcome is real; the psalmist says he believed he would see the LORD's goodness in the land of the living.
strong	tevrat	motif	WLC:Ps.27.14	wait and take heart	The commentary defines sabır as staying firm until a promised right arrives; the next verse twice calls the hearer to wait for the LORD and tells the heart to be strong.
strong	tevrat	soydas	WLC:Ps.33.4	Arabic ء م ن / Hebrew אמנ; table sound correspondence	The commentary binds a true word to work that fits it; the psalm calls the LORD's word upright and all his work faithful, using אמונה for reliability in action.
strong	tevrat	soydas	WLC:Ps.119.86	Arabic ء م ن / Hebrew אמנ; table sound correspondence	The commentary puts true advice before endurance under attack; the psalmist calls God's commands faithful, אמונה, while pleading for help against false persecutors.
strong	tevrat	soydas	WLC:Exod.14.31	Arabic ء م ن / Hebrew אמנ; table sound correspondence	The commentary connects seeing, confirming, and entering trust; after Israel sees the LORD's great action against Egypt, the people believe in the LORD and Moses.
strong	tevrat	soydas	WLC:Isa.33.22	Arabic ح ق ق / Hebrew חקק; table sound correspondence	The commentary joins what is prescribed to refuge from loss; Isaiah names the LORD judge, lawgiver, king, and savior, using מחוקק for the one setting law.
strong	tevrat	soydas	WLC:Eccl.4.9	Arabic ع م ل / Hebrew עמל; table sound correspondence	The commentary imagines mutually sustained labor and its due wage; Ecclesiastes says two are better than one because they receive a good return for their toil, עמל.
strong	tevrat	motif	WLC:Eccl.4.11	two share warmth	The commentary's harsh winter is endured by people who hold one another; Ecclesiastes asks how one person alone can get warm and says two lying together can.
strong	tevrat	motif	WLC:Jer.17.7	trust as the source of blessing	The commentary calls belief entry into a secure state before the hard road; Jeremiah blesses the person who trusts the LORD and makes him the object of trust.
strong	tevrat	motif	WLC:Jer.17.8	tree survives heat and drought	The commentary's sound vegetation stays green instead of becoming windblown chaff; Jeremiah's trusting person is a tree by water whose leaves stay green and whose fruit does not cease in drought.
strong	tevrat	motif	WLC:Ps.37.3	trust and do good together	The commentary gives separate verbs to belief and good work; the psalm commands trust in the LORD and doing good, then connects these acts with secure dwelling in the land.
strong	tevrat	motif	WLC:Ezra.7.10	learn, do, then teach	The commentary defines advice as a word passed on for another to perform; Ezra sets his heart to study the LORD's law, do it, and teach its statutes and judgments to Israel.
strong	tevrat	motif	WLC:Deut.30.14	word near mouth and heart to do	The commentary joins a transmitted true word to intentional work; Moses says the command is near in mouth and heart precisely so Israel may do it.
strong	tevrat	motif	WLC:Deut.32.47	word is life, not empty	The commentary insists the inherited instruction is a binding task rather than a disposable suggestion; Moses says the word is no empty thing for the people but their life.
strong	tevrat	motif	WLC:Gen.45.27	sight restores Jacob's trust	The commentary's Yusuf scene turns on whether a report deserves belief; after Jacob initially rejects his sons' news, he sees the wagons Joseph sent and his spirit revives.
strong	tevrat	motif	WLC:Prov.3.28	do not delay a neighbor's due	The commentary makes hak a concrete share owed to another; Proverbs forbids telling a neighbor to return tomorrow when the needed good is already in one's power.
strong	tevrat	motif	WLC:Prov.19.17	giving to poor as loan repaid	The commentary joins debt, benefit to another, and eventual recompense; Proverbs calls kindness to the poor a loan to the LORD that he will repay.
strong	tevrat	motif	WLC:Prov.16.32	rule one's spirit rather than conquer	The commentary's sabır is active self-restraint, and its spear image risks turning truth into force; Proverbs says one slow to anger and ruling his spirit exceeds a mighty city conqueror.
strong	tevrat	motif	WLC:Prov.29.11	wise person holds spirit back	The commentary's vessel rim and stopper picture an inner state kept from spilling out; Proverbs contrasts a fool venting all his spirit with a wise person holding it back.
strong	tevrat	motif	WLC:Ps.141.3	guard at mouth and door of lips	The commentary compares sabır to the stopper that keeps a vessel's contents from escaping; the psalmist asks the LORD to set a guard over his mouth and watch the door of his lips.
strong	tevrat	motif	WLC:Prov.25.15	patience and soft speech persuade	The commentary turns disputed hak into counsel that does not break the neighbor; Proverbs says patience can persuade a ruler and a soft tongue can break bone.
strong	tevrat	motif	WLC:Isa.50.4	word sustains the weary each morning	The commentary's true advice must hold a companion who weakens and connect one day to the next; the instructed speaker receives a morning-by-morning ear and a word to sustain the weary.
strong	tevrat	motif	WLC:Isa.42.3	fragile reed spared as justice comes	The commentary's rightful load does not crush one too weak to bear it; the servant does not break a bruised reed or extinguish a faint wick while bringing forth justice faithfully.
strong	tevrat	motif	WLC:Isa.42.4	justice established without fainting	The commentary puts endurance after hak because the right must actually arrive; the servant does not grow faint or be crushed until justice is established on earth.
strong	tevrat	motif	WLC:Mal.3.17	those who spoke become treasured on the day	The commentary's mutual truthful speech survives until each person's due day; after the God-fearers speak together, the LORD promises to make them his treasured possession on the appointed day.
strong	tevrat	motif	WLC:Mal.3.18	day distinguishes righteous work	The commentary's final reckoning exposes who actually belongs to the exception; Malachi promises a renewed distinction between righteous and wicked, one serving God and one not.
strong	tevrat	motif	WLC:Eccl.9.10	do work before death ends opportunity	The commentary's finite day gives performed work urgency; Ecclesiastes tells the hearer to do with strength what the hand finds because the grave offers no further work.
strong	tevrat	motif	WLC:Eccl.11.6	sow morning and evening	The commentary meets day-to-day continuity with patient cultivation; Ecclesiastes says to sow in the morning and not withhold the hand in evening because the grower cannot know which planting will succeed.
strong	tevrat	motif	WLC:Ezek.3.17	watchman must pass on warning	The commentary's mutual advice carries a duty to another rather than an optional opinion; Ezekiel is appointed watchman and told to hear God's word and warn Israel on God's behalf.
strong	tevrat	motif	WLC:Ezek.3.18	failure to warn leaves bloodguilt	The commentary's hak is a debt one owes the next person; God says the watchman who fails to warn the wicked shares responsibility for the person's death.
strong	tevrat	karsi_anlati	WLC:Ezek.18.21	wicked person can turn and live	The commentary says past actions name the rescued group; Ezekiel adds that a formerly wicked person who turns, keeps the statutes, and does justice and righteousness will live, making a changed course decisive.
strong	tevrat	motif	WLC:Isa.58.6	fast releases another's yoke	The commentary calls fasting one form of self-restraint but makes patience an aid to others; Isaiah's chosen fast loosens wicked bonds and lets the oppressed go free.
strong	tevrat	motif	WLC:Hab.3.17	fruit and grain fail	The commentary's patience remains when an expected harvest and wage do not arrive; Habakkuk names fig, vine, olive, field, flock, and herd all failing.
strong	tevrat	motif	WLC:Hab.3.18	joy in God despite failed harvest	The commentary's belief provides refuge when work yields loss; after naming failed crops and herds, Habakkuk says he will still rejoice in the LORD who saves.
strong	tevrat	yorum_gelenegi	Makkot 24a	Habakkuk's one principle of faithfulness	The commentary holds belief together with lasting right action; this rabbinic reading says Habakkuk reduced the commandments to the single line that the righteous lives by faithfulness, sharpening the role of אמונה in Habakkuk 2:4.
strong	tevrat	motif	Shabbat 31a	Hillel's reciprocal rule to a convert	The commentary makes advice reciprocal and actionable; Hillel tells the prospective convert not to do to another what is hateful to himself and then sends him to study the rest.
strong	tevrat	yorum_gelenegi	Mishnah Avot 5:17	disputes for heaven and disputes for self	The commentary contrasts contending over hak with handing it on; the mishnah distinguishes disputes for Heaven, exemplified by Hillel and Shammai, from Korah's self-seeking dispute, so disagreement itself is not condemned.
strong	tevrat	motif	Sirach 4:28	strive for truth under mortal threat	The commentary couples defending the true word with patience when speaking costs something; Sirach urges fighting for truth even to death and promises God's support.
strong	tevrat	motif	Sirach 6:16	faithful friend as medicine of life	The commentary's bitter remedy and another person's sustaining patience meet in a single image; Sirach calls a faithful friend a medicine of life.
strong	tevrat	motif	Sirach 2:2	steady heart in calamity	The commentary defines sabır as holding oneself in place rather than rushing away; a parent-like instructor tells the learner to set the heart right, remain steadfast, and not become hasty in trouble.
strong	tevrat	motif	Sirach 2:4	patient endurance of humiliation	The commentary puts patience after an acted and spoken right that may bring hardship; Sirach tells the hearer to accept what comes and be patient through humiliating reversals.
strong	tevrat	motif	1 Maccabees 2:50	dying father enjoins children to uphold covenant	The commentary's will joins generations through an actionable word; Mattathias charges his children at death to be zealous for the law and give their lives for the ancestral covenant.
strong	incil	motif	SBLGNT:1Thess.1.3	work of faith, labor of love, steadfast hope	The commentary orders belief, good work, and patience as defining actions; Paul remembers the community's work of faith, labor of love, and steadfastness of hope together.
strong	incil	motif	SBLGNT:2Thess.1.3	faith grows and mutual love increases	The commentary moves from individual belief to reciprocal support; Paul thanks God that the congregation's faith grows and the love of every member for one another increases.
strong	incil	motif	SBLGNT:2Thess.1.4	endurance and faith under persecution	The commentary says the truth people share may have a cost they must help one another bear; Paul boasts of the community's endurance and faith amid persecutions and afflictions.
strong	incil	motif	SBLGNT:Gal.5.6	faith active through love	The commentary refuses to leave iman at mere inward assent; Paul says what counts is faith working through love, directly joining belief with outward relation.
strong	incil	motif	SBLGNT:Gal.5.22	fruit includes patience and faithfulness	The commentary's joined plants give food through lasting good action; Paul calls love, peace, patience, kindness, goodness, and faithfulness fruit of the Spirit.
strong	incil	motif	SBLGNT:1John.3.18	love in deed and truth	The commentary joins purposeful deeds to a true word passed among people; the letter calls children to love in deed and truth, rather than word or speech alone.
strong	incil	motif	SBLGNT:1John.3.23	believe and love one another	The commentary pairs belief with reciprocal action; this command says to believe in the Son's name and love one another, turning faith into a shared duty.
strong	incil	motif	SBLGNT:1John.3.17	possession withheld from needy sibling	The commentary's hak includes a neighbor's concrete due and its sabır sustains the weak; the letter asks how divine love remains in one who sees a sibling in need yet closes the heart while possessing worldly goods.
strong	incil	motif	SBLGNT:2John.1.4	children walking in truth	The commentary's inherited advice should become a walked path; the elder rejoices that some of the addressee's children are walking in truth as commanded by the Father.
strong	incil	motif	SBLGNT:2John.1.5	love one another as inherited command	The commentary's will is a binding word passed onward; the elder asks the addressee to love one another, calling it a command held from the beginning.
strong	incil	motif	SBLGNT:2John.1.6	love means walking in commands	The commentary says a recommended truth must be worked into conduct; the letter defines love by walking according to the commandments already heard.
strong	incil	motif	SBLGNT:Heb.6.10	service to saints remembered	The commentary's sound work does not disappear when the day's capital runs out; Hebrews says God will not overlook the work and love shown through service to fellow believers.
strong	incil	motif	SBLGNT:Heb.6.12	faith and patience inherit promises	The commentary grounds endurance in a due promise; Hebrews tells the community to imitate those who inherit promises through faith and patience.
strong	incil	motif	SBLGNT:Heb.6.18	flee to refuge and hold hope	The commentary hears both safety and active holding in iman and sabır; Hebrews describes people who have fled for refuge and grasp the hope set before them.
strong	incil	motif	SBLGNT:Heb.6.19	hope as soul's secure anchor	The commentary's vessel stopper and firm rock picture an inner good held against a storm; Hebrews calls hope a sure and steadfast anchor of the soul.
strong	incil	motif	SBLGNT:Heb.12.1	run assigned race with endurance	The commentary's reliable road and intentional work require persistence; Hebrews calls believers to lay aside encumbrance and run their appointed race with endurance.
strong	incil	motif	SBLGNT:Heb.12.2	Jesus endures cross for future joy	The commentary says a trustworthy outcome makes painful patience meaningful; Hebrews presents Jesus enduring the cross for the joy set before him.
strong	incil	motif	SBLGNT:2Tim.4.2	exhort and correct with patience	The commentary gives true counsel and patience their own places; Paul orders preaching, reproof, rebuke, and exhortation with all patience and teaching.
strong	incil	motif	SBLGNT:1Tim.6.11	faith, righteousness, love, endurance	The commentary's believer pursues sound conduct and patience together; Paul commands pursuit of righteousness, faith, love, endurance, and gentleness.
strong	incil	motif	SBLGNT:Titus.2.2	faith, love, and endurance together	The commentary distinguishes believing from holding another through hardship; Titus is to teach older men to be sound in faith, love, and endurance.
strong	incil	motif	SBLGNT:1Pet.4.19	entrust self while doing good	The commentary binds taking refuge in trust to active good work under suffering; Peter tells those suffering according to God's will to entrust their souls to a faithful creator while doing good.
strong	incil	motif	SBLGNT:1Pet.2.20	do good and endure unjust suffering	The commentary's patient truth costs its speaker something; Peter says enduring suffering incurred for doing good is pleasing to God.
strong	incil	motif	SBLGNT:1Pet.3.15	answer with gentleness under pressure	The commentary opposes quarrelling over truth to giving truthful counsel; Peter commands a ready account of hope to questioners, delivered with gentleness and respect.
strong	incil	motif	SBLGNT:Col.1.10	walk worthily and bear fruit in good work	The commentary joins road, useful vegetation, and sound action; Paul prays that believers walk worthy of the Lord while bearing fruit in every good work.
strong	incil	motif	SBLGNT:Col.1.11	strength for endurance and patience	The commentary says the group must hold its place under pressure; Paul asks that believers receive power for all endurance and patience with joy.
strong	incil	motif	SBLGNT:Rom.12.12	hope, endurance in trouble, steady prayer	The commentary's patient waiting is active and grounded in a promised good; Paul calls believers to rejoice in hope, endure affliction, and persevere in prayer.
strong	incil	motif	SBLGNT:Rom.2.6	God repays each by deeds	The commentary's final day gives every person the due of their work; Paul states that God will repay each person according to works.
strong	incil	motif	SBLGNT:2Cor.5.10	all appear for deeds to be recompensed	The commentary's Hāqqa confronts each worker with what was done; Paul says all must appear before Christ's judgment seat to receive what is due for bodily deeds, good or bad.
strong	incil	motif	SBLGNT:1Cor.3.9	God's field and God's building	The commentary specifically meets vegetation with intentional construction; Paul calls the community God's field and God's building in a single verse.
strong	incil	motif	SBLGNT:1Cor.3.14	work survives and worker receives wage	The commentary measures the soundness of a worker's deed by whether it lasts through the final day; Paul says the builder whose work survives the fire receives a reward.
strong	incil	karsi_anlati	SBLGNT:1Cor.3.15	work lost while worker saved	The commentary relates escape from loss to good work that remains; Paul allows a different outcome in which a person's work burns and brings loss while the person is saved through fire.
strong	incil	motif	SBLGNT:Matt.7.25	rock-founded house withstands storm	The commentary's securely fitted work is proved by pressure rather than appearance; Jesus' rock-founded house survives rain, floods, and winds because its foundation holds.
strong	incil	motif	SBLGNT:Luke.8.13	rootless believers fall under trial	The commentary's joined green growth needs patient holding after belief; Jesus says the rocky-ground hearers believe for a while but fall away in a time of testing because they lack root.
strong	incil	motif	SBLGNT:Jas.3.17	wisdom both peaceable and fruitful	The commentary turns disputed hak into counsel that repairs and yields sound deeds; James calls heavenly wisdom peaceable, gentle, merciful, and full of good fruits.
strong	incil	motif	SBLGNT:Jas.3.18	righteous fruit sown in peace	The commentary's linked vegetation and reconciliation are carried by patience; James says a harvest of righteousness is sown in peace by those making peace.
strong	incil	motif	SBLGNT:Jas.5.10	prophets speak and endure suffering	The commentary says speaking truth may bring the hardship for which patient support is needed; James offers the prophets who spoke in the Lord's name as examples of suffering and patience.
strong	incil	motif	SBLGNT:Jas.5.19	bring wanderer back to truth	The commentary's reciprocal true advice reconnects a person who has broken from the path; James tells the community that someone can bring back a member wandering from the truth.
strong	incil	motif	SBLGNT:Jas.5.20	restoration saves from death	The commentary's saving exception is sustained by one person's intervention for another; James says turning a sinner from wandering saves a soul from death and covers sins.
strong	incil	motif	SBLGNT:Matt.24.13	endurance to end brings salvation	The commentary's sabır must hold through the whole threatened period; Jesus says the one who endures to the end will be saved.
strong	incil	motif	SBLGNT:Rev.14.12	endurance of faithful command-keepers	The commentary orders faith, sound obedience, and patience as traits of those rescued; Revelation calls for the saints' endurance, identifying them as command-keepers who hold faith in Jesus.
strong	incil	motif	SBLGNT:Rev.2.10	faithful through death receives life	The commentary's threatened believers ask for patience up to death; the risen speaker tells the persecuted assembly to be faithful unto death and promises the crown of life.
strong	incil	motif	SBLGNT:Acts.2.42	teaching and fellowship held together	The commentary makes inherited teaching and communal belonging mutually necessary; the first believers devote themselves to apostolic teaching and fellowship, shared meals, and prayer.
strong	incil	motif	SBLGNT:Acts.2.45	goods distributed according to need	The commentary's right includes a share owed to someone lacking support; the believers distribute sale proceeds according to each person's need.
strong	incil	motif	SBLGNT:Acts.4.32	one heart and shared possessions	The commentary's individual believers become a connected group in which each can sustain another; Acts describes the multitude of believers as one heart and soul and not claiming possessions as purely private.
strong	incil	motif	SBLGNT:Acts.4.34	no needy person among them	The commentary's joined pasture leaves no hungry gap between members; Acts says none of the believers was needy because owners sold property for distribution.
strong	incil	motif	SBLGNT:Luke.6.35	do good and lend even to enemies	The commentary's hak includes a debt owed and sabır that can transform an enemy; Jesus commands doing good and lending without expecting return to enemies, and promises a great reward.
strong	incil	motif	Didache 1:3	bless, pray, and fast for persecutors	The commentary's patient answer turns hostility into a healing bond and includes fasting as restraint; the Didache urges blessing cursers, praying for enemies, and fasting for persecutors.
strong	incil	motif	1 Clement 38:2	strong support weak; rich help poor	The commentary's community takes another's weight when that person cannot stand; Clement says the strong should care for the weak and the rich provide for the poor.
medium	tevrat	soydas	WLC:Ps.119.90	Arabic ء م ن / Hebrew אמנ; table sound correspondence	The commentary's advice links generations to something enduring; the psalm joins God's faithfulness, אמונה, through all generations to the firm establishment of the earth.
medium	tevrat	soydas	WLC:Ps.119.30	Arabic ء م ن / Hebrew אמנ; table sound correspondence	The commentary combines trust and a walked right path; the psalmist chooses the way of faithfulness, אמונה, and sets God's judgments before himself.
medium	tevrat	motif	WLC:Ps.112.9	generosity and enduring righteousness	The commentary contrasts capital that shrinks with good action that lasts; the righteous person distributes to the poor and his righteousness endures forever.
medium	tevrat	motif	WLC:Isa.30.15	quiet trust as strength	The commentary defines patience as keeping still without losing confidence; Isaiah says salvation lies in returning and rest, strength in quietness and trust, while the addressees refuse.
medium	tevrat	motif	WLC:Isa.51.7	right instruction in heart without fear	The commentary makes belief a refuge for bearers of true speech; God addresses people with his law in their hearts and tells them not to fear human reproach.
medium	tevrat	motif	WLC:Ezek.3.19	warning fulfills duty despite refusal	The commentary makes advice an act owed to another, not control over their response; the watchman who warns the wicked has saved his own life even if the wicked refuses to turn.
medium	tevrat	karsi_anlati	WLC:Ezek.18.24	prior righteousness can be abandoned	The commentary says completed actions characterize those excepted from loss; Ezekiel insists that someone once righteous can turn to injustice and die in it, preserving moral reversal beyond a fixed label.
medium	tevrat	motif	WLC:Deut.15.10	give without grudging; work blessed	The commentary connects paying another's due to an unmeasured return; Moses says to give a poor brother generously and without a begrudging heart, promising blessing in the giver's work.
medium	tevrat	motif	WLC:Prov.11.15	surety for stranger brings harm	The commentary's sabır can mean standing guarantor for another's debt; Proverbs warns that pledging oneself for a stranger brings suffering, providing a limit to that secondary image.
medium	tevrat	motif	WLC:Job.2.10	receive adversity without sinful speech	The commentary defines patience as restraining the inner cry under an inescapable blow; Job rebukes his wife for accepting good but rejecting adversity from God and does not sin with his lips.
medium	tevrat	motif	WLC:Hab.3.16	wait quietly for the day of trouble	The commentary's patience remains still before a promised day even with bodily alarm; Habakkuk trembles at the vision yet resolves to wait quietly for the day of distress.
medium	tevrat	motif	WLC:Hab.3.19	secure footing on dangerous heights	The commentary's dependable load animal and mountain stand for not stumbling under pressure; Habakkuk calls God his strength and says he makes his feet like a deer's on the heights.
medium	tevrat	motif	Sirach 2:6	trust followed by straight course	The commentary joins iman to a road that can be walked patiently; Sirach directs the son to trust God for help and make his ways straight.
medium	tevrat	motif	Sirach 29:15	guarantor gives his life for another	The commentary develops sabır as a friend who underwrites someone else's debt; Sirach tells the debtor not to forget the guarantor's kindness because that person has put life at risk for him.
medium	tevrat	motif	Mishnah Avot 1:14	selfhood requires more than oneself	The commentary says belief and work can be individual but saving advice must pass between people; Hillel asks what a person is if only for himself.
medium	tevrat	motif	Mishnah Avot 1:2	world stands on teaching and kindness	The commentary's sound community combines a true word with useful action; the mishnah names Torah, worship, and acts of lovingkindness as supports on which the world stands.
medium	tevrat	yorum_gelenegi	Bava Metzia 30b	legal right alone does not repair society	The commentary moves hak from winning a dispute toward mutually owed care; the Talmud says Jerusalem's downfall was connected to judging by strict law without going beyond its letter.
medium	tevrat	motif	Wisdom of Solomon 2:19	test the righteous person's forbearance	The commentary says speaking right may bring hostile blows and demand patience; the opponents in Wisdom propose insult and torture to test the righteous person's gentleness and endurance.
medium	tevrat	motif	Wisdom of Solomon 3:5	testing followed by great reward	The commentary's bitter medicine and earned due meet in suffering that proves worth; Wisdom says the righteous, disciplined for a little while, receive great good after God tests them.
medium	incil	motif	SBLGNT:2Pet.1.5	add virtue to faith	The commentary moves from believing to work of a specified quality; Peter asks believers to supplement faith with virtue rather than leave faith unworked.
medium	incil	motif	SBLGNT:2Pet.1.6	self-control and endurance	The commentary defines sabır as first holding oneself, then remaining in place; Peter's sequence moves from knowledge to self-control and from self-control to endurance.
medium	incil	motif	SBLGNT:2Pet.1.7	endurance grows into mutual affection	The commentary's self-restraint becomes a bond with the next person; Peter's sequence leads from endurance to godliness, sibling affection, and love.
medium	incil	motif	SBLGNT:2Cor.4.9	struck down but not destroyed	The commentary's patient person remains held under a blow; Paul describes believers as persecuted yet not abandoned and struck down yet not destroyed.
medium	incil	motif	SBLGNT:2Cor.4.16	inward renewal each day	The commentary joins the passing day with an inner good kept from loss; Paul says that even as the outer person wastes away the inner person is renewed day by day.
medium	incil	motif	SBLGNT:2Cor.4.17	brief suffering and weight of glory	The commentary's right load, labor, and reward meet in a paradox; Paul says momentary affliction prepares an eternal weight of glory beyond comparison.
medium	incil	motif	SBLGNT:2Cor.4.18	unseen enduring reality	The commentary contrasts passing worldly capital with something that remains; Paul directs attention from seen temporary things to unseen eternal ones.
medium	incil	motif	SBLGNT:Heb.6.11	diligence until hope's fulfillment	The commentary says patient action must hold to the end of the day; Hebrews asks each hearer to show the same diligence for full assurance of hope until the end.
medium	incil	motif	SBLGNT:Heb.11.1	faith as assurance of hoped reality	The commentary hears trust in the truth of a promise before it arrives; Hebrews defines faith by confidence concerning what is hoped for and conviction about what is not seen.
medium	incil	motif	SBLGNT:2Tim.3.10	teaching, conduct, faith, patience together	The commentary binds an advised truth to practiced action and endurance; Paul reminds Timothy that he observed Paul's teaching, conduct, purpose, faith, patience, love, and steadfastness.
medium	incil	motif	SBLGNT:2Tim.4.7	race finished and faith kept	The commentary makes repeated work over time a defining completed act; Paul says he fought the good fight, finished the race, and kept the faith.
medium	incil	motif	SBLGNT:2Tim.4.8	righteous crown due on the day	The commentary's finished work and patient wait meet a day of due recompense; Paul says the righteous judge will award him the crown on that day.
medium	incil	motif	SBLGNT:Rev.12.11	testimony held despite death	The commentary's true word can become a defended standard under mortal threat; the faithful conquer by their testimony and do not cling to life even when facing death.
medium	incil	motif	SBLGNT:Matt.24.12	lawlessness cools mutual love	The commentary's patience keeps connected people from splitting apart; Jesus says increasing lawlessness makes the love of many grow cold before his call to endure.
medium	incil	motif	SBLGNT:Matt.25.35	feed hungry and welcome stranger	The commentary tests whether a sound deed nourishes the next person; the king names feeding, giving drink, and welcoming as acts that mark those accepted at judgment.
medium	incil	motif	SBLGNT:Matt.25.40	care for least counted as service	The commentary's mutual support gives a needy neighbor a concrete claim; the king identifies deeds done for the least of his brothers with deeds done for him.
medium	incil	motif	SBLGNT:Acts.2.44	believers gather with things in common	The commentary's scattered patches become a joined group; Acts says believers stay together and hold their possessions in common before describing need-based distribution.
medium	incil	motif	SBLGNT:Acts.4.35	proceeds placed for need-based distribution	The commentary's shared hak is an actual material due; believers lay sale proceeds at the apostles' feet and distribution is made according to need.
medium	incil	motif	SBLGNT:Mark.8.35	life lost for true message is saved	The commentary's rescue from loss can require holding fast under threat; Jesus says one who loses life for him and the gospel will save it.
medium	incil	motif	SBLGNT:Rom.2.8	contentious people reject truth	The commentary contrasts handing on hak with pulling it into a dispute; Paul describes the self-seeking as disobedient to truth and obedient to injustice.
medium	incil	motif	SBLGNT:Luke.8.14	wealth chokes plant before fruit	The commentary contrasts capital that distracts with useful fruit that lasts; Jesus says life's cares, riches, and pleasures choke the heard word so its hearers fail to mature fruit.
medium	incil	motif	Ignatius, Letter to Polycarp 1:2	athlete bears infirmities of all	The commentary's guarantor carries another's weakness and its worker anticipates gain; Ignatius urges Polycarp to bear everyone's infirmities like a trained athlete and links harder labor to greater gain.
medium	incil	motif	Ignatius, Letter to Polycarp 3:1	anvil holds through repeated blows	The commentary's hard stone and straight blow make patience a strength under impact; Ignatius compares the addressed leader to an anvil that receives strikes and stays firm.
medium	incil	motif	1 Clement 34:2	worker receives bread for labor	The commentary's day of work comes to its wage; Clement contrasts the diligent worker who can receive bread from the employer with the idle one who cannot face him.
medium	incil	motif	Justin Martyr, First Apology 67	shared funds sustain people in need	The commentary's reciprocal counsel must become practical provision; Justin describes a gathered Christian community collecting voluntary gifts for orphans, widows, the sick, strangers, and prisoners.
medium	incil	motif	Tertullian, Apology 39	common fund cares for vulnerable	The commentary's linked pasture feeds people unable to sustain themselves; Tertullian describes voluntary community contributions used for the poor, bereaved, aged, shipwrecked, and imprisoned.
weak	tevrat	motif	Mishnah Avot 4:16	world as antechamber for coming world	The commentary's brief working day prepares an enduring recompense; this saying makes the present world a vestibule in which a person prepares for the next, though its architectural image only indirectly meets the commentary's work-and-wage scene.
weak	incil	motif	Shepherd of Hermas, Mandate 5.1	patience rules anger and supports right acts	The commentary's sabır restrains the inner eruption before it harms others; Hermas contrasts patience with anger and connects patience with righteous conduct, though subsection numbering varies among editions.
