strong	tevrat	motif	WLC:Gen.3.24	guarded way to the tree of life	After expulsion from Eden, cherubim guard the way to the tree of life; this turns loss of the home into a blocked route that cannot simply be found again.
strong	tevrat	motif	WLC:Deut.19.3	prepared roads to cities of refuge	The Torah orders roads prepared so a manslayer can flee to a refuge city; a safe destination depends on a deliberately marked, usable route.
strong	tevrat	yorum_gelenegi	Makkot 10b	rabbinic signs at road junctions	The Talmud expands the command to prepare refuge roads with clear routes and signs at junctions directing fugitives to refuge; it makes the road markers a practical answer to someone who could otherwise lose the way.
strong	tevrat	motif	WLC:Exod.33.13	Moses asks God to show the way	Moses asks to know God by being shown God’s ways; this is a direct communal prayer for the route to be disclosed.
strong	tevrat	motif	WLC:Exod.33.14	God’s presence goes with the people and gives rest	The answer promises that God’s presence will go with Moses and give rest; guidance is a presence that accompanies the travelers to a resting place.
strong	tevrat	motif	WLC:Deut.32.10	God finds Israel in wilderness and leads them	The song says God found Israel in a wilderness waste and led and guarded them; it joins a lost, exposed community with the guide who brings it through.
strong	tevrat	motif	WLC:Jer.31.9	Israel returns by a straight way without stumbling	God leads the returning people by streams on a straight road where they will not stumble; this combines communal return, guidance, straightness, and a safe destination.
strong	tevrat	motif	WLC:Ps.27.12	teaching and leading on a level path	The speaker asks God to teach the way and lead him on a level path; the prayer unites instruction with continued movement on course.
strong	tevrat	motif	WLC:Ps.32.9	instruction in the way with a guiding eye	God promises to instruct and teach the way and guide the learner with an eye; this makes guidance personal and ongoing rather than a bare direction.
strong	tevrat	motif	WLC:Ps.84.6	highways held in the heart toward Zion	The pilgrims have highways in their hearts as they go toward God in Zion; the road is the inwardly held route of a worshiping community.
strong	tevrat	motif	WLC:Ps.84.7	pilgrims cross the Baca valley	The travelers pass through a dry valley that becomes springs; it supplies a concrete terrain on the community’s road to worship.
strong	tevrat	motif	WLC:Ps.84.8	the pilgrims arrive before God in Zion	The group goes from strength to strength until each appears before God in Zion; this completes the journey’s destination rather than leaving the path abstract.
strong	tevrat	motif	WLC:Ps.122.2	feet arrive at the gates of the Lord’s house	The speaker says their feet are standing inside Jerusalem’s gates after the call to go to the Lord’s house; it gives the route-to-home image a communal pilgrimage and worship setting.
strong	tevrat	motif	WLC:Prov.8.2	Wisdom calls from heights beside a crossroads	Wisdom stations herself at high places beside the road and where paths meet; this joins a visible landmark, a guide, and the place where a traveler chooses a way.
strong	tevrat	motif	WLC:Prov.4.18	the righteous path grows brighter	The righteous person’s path shines like dawn until full day; the image connects a straight moral course with light that makes direction visible.
strong	tevrat	motif	WLC:Prov.4.19	the wicked path is dark and causes stumbling	The wicked way is darkness, and its travelers do not know what makes them stumble; this gives the commentary’s lost traveler a specific dark-road counterpart.
strong	tevrat	motif	WLC:Prov.4.26	make a level path for the feet	The instruction is to make the footpath level and keep the feet steady; it adds the practical shaping of a walkable route to the commentary’s straight road.
strong	tevrat	motif	WLC:Ps.119.133	steps made firm by the divine word	The speaker asks that his steps be established by God’s word so sin will not rule him; the path is held steady through instruction.
strong	tevrat	motif	WLC:Ps.143.9	the prayer asks to know which way to go	The speaker asks God to make him know the way he should go; this is nearly the same act of petition as the commentary’s opening request for guidance.
strong	tevrat	motif	WLC:Ps.143.11	God teaches and leads on level ground	The prayer asks God to teach the divine will and lead the speaker on level ground; it joins teaching, guidance, and a straight route.
strong	tevrat	motif	WLC:Ps.37.23	the Lord establishes a person’s steps	The Lord establishes the steps of the one whose way pleases him; the path is shaped and sustained by divine guidance.
strong	tevrat	motif	WLC:Ps.37.24	the Lord holds the traveler when he stumbles	Even if the righteous person stumbles, the Lord holds his hand and keeps him from falling; this adds support on the path when the walk falters.
strong	tevrat	motif	WLC:Isa.58.11	God continually guides through dry country	God promises to guide continually and satisfy the person in scorched places; it is a specific image of guidance when the terrain offers no easy direction.
strong	tevrat	motif	WLC:Hos.11.3	God teaches Ephraim to walk and holds him	God says he taught Ephraim to walk and took the child in his arms; the guide is a caregiver enabling the community to move.
strong	tevrat	motif	WLC:Hos.14.10	straight ways and stumbling transgressors	The Lord’s ways are straight, the righteous walk in them, and transgressors stumble; this closely joins the straight communal route with its opposite.
strong	tevrat	motif	WLC:Deut.28.29	blind groping and failure in one’s ways	The afflicted person gropes at noon as a blind person in darkness and does not prosper in his ways; this concretizes loss of direction on land.
strong	tevrat	motif	WLC:Isa.59.8	the way of peace is unknown	The people do not know the way of peace; it gives a specific scriptural statement of failing to know the right route.
strong	tevrat	motif	WLC:Job.12.24	leaders wander in a trackless waste	God makes the leaders of the earth wander in a wasteland where there is no way; this is a concrete landscape of disorientation.
strong	tevrat	soydas	WLC:Ps.1.5	Hebrew קום at the judgment	The commentary labels Arabic ٱلْمُسْتَقِيمَ with the source root ق و م; Hebrew קום here means to stand, not to be straight. Its use when the wicked cannot stand in judgment makes the cognate’s judgment setting a secondary echo, not an equivalent meaning.
medium	tevrat	motif	WLC:Ps.1.5	standing in the righteous congregation at judgment	The wicked cannot stand in judgment or remain in the congregation of the righteous; this adds the separation of communities at judgment to the contrast of their ways in the neighboring verse.
medium	tevrat	soydas	WLC:Zech.11.7	Hebrew נעם in the name of a shepherd’s staff	The commentary labels Arabic أَنْعَمْتَ with source root ن ع م; Hebrew נֹעַם names a staff and belongs to the related Semitic n-ʿ-m family, though its sense here is pleasantness rather than the verb of bestowing favor.
medium	tevrat	motif	WLC:Zech.11.7	staff named Favor in a shepherding scene	The shepherd tends the flock with two staffs, one named Noam and one named Bonds; this brings a favor-named staff, guidance, and a gathered flock into one concrete scene.
medium	tevrat	motif	WLC:Gen.21.14	Hagar wanders in the wilderness	Hagar leaves into the wilderness with her child and wanders there; this is a specific human scene of displacement and lost direction.
medium	tevrat	motif	WLC:Gen.21.19	opened eyes reveal water in the wilderness	God opens Hagar’s eyes and she sees a well; the lost traveler is helped by a new sightline that reveals the needed destination.
medium	tevrat	yorum_gelenegi	1QS 8:12-16	Qumran reads the wilderness road as Torah study	The Community Rule applies the call to prepare the Lord’s way in the wilderness to its separation in the desert and study of Torah; this turns the road into the community’s disciplined religious practice.
medium	tevrat	motif	Wisdom of Solomon 5:6	the speaker says they strayed from truth’s way	The speakers confess that they left the way of truth and lacked the light of righteousness; the passage connects wrong direction with moral failure and lost illumination.
strong	tevrat	motif	Wisdom of Solomon 5:7	lawless travel through trackless deserts	The speakers say they traveled through trackless deserts without knowing the Lord’s way; this brings astray, pathlessness, and ignorance of the right route together.
medium	tevrat	motif	Baruch 3:13	walking God’s way and living in peace	Baruch says Israel would live in peace if it had walked in God’s way; the community’s route is a sustained choice with a collective outcome.
medium	tevrat	motif	Baruch 4:1	holding to the law means life, forsaking it means death	Baruch identifies the enduring law as the way that gives life and says those who forsake it die; this makes the chosen route an ongoing communal practice with an endpoint.
medium	tevrat	motif	Mishnah Avot 4:16	this world as a vestibule before the banquet hall	The Mishnah calls this world a vestibule and urges preparation to enter the world to come; life is framed as a passage whose destination lies beyond it.
strong	incil	motif	SBLGNT:Heb.12.1	run the course set before the community	The hearers are told to run with endurance the race set before them; the path becomes a shared course that must be followed to its finish.
strong	incil	motif	SBLGNT:Heb.12.2	Jesus as pioneer and perfecter of the course	Jesus is named the pioneer and perfecter of faith; this gives the community a forerunner who goes ahead and completes the way.
strong	incil	motif	SBLGNT:Heb.12.13	make straight paths so the lame can be healed	The hearers must make straight paths for their feet so the lame will not be put out of joint but healed; straightening the route protects struggling travelers.
strong	incil	karsi_anlati	SBLGNT:Luke.24.15	the guide joins travelers from beside them	On the road to Emmaus, Jesus draws near and walks with the disciples rather than going ahead; this offers a specific counter-image to the commentary’s guide defined by precedence.
medium	incil	motif	SBLGNT:Luke.24.32	scriptural explanation changes how the travelers see the road	The disciples recall how their hearts burned while Jesus explained the Scriptures on the road; guidance includes interpreting the text during travel.
medium	incil	motif	SBLGNT:Luke.24.33	the travelers turn back toward the community	After recognizing Jesus, the disciples immediately return to Jerusalem; the road that had led away from the group is reversed toward reunion.
strong	incil	motif	SBLGNT:Acts.13.10	Elymas perverts the straight ways of the Lord	Paul accuses Elymas of trying to make the Lord’s straight ways crooked; this is a direct Christian image of an adversary obstructing the right route.
strong	incil	motif	SBLGNT:Acts.24.14	worship according to the Way	Paul says he worships God according to the Way; this uniquely joins the commentary’s worship and path images in one statement.
strong	incil	motif	SBLGNT:John.12.35	walking in darkness means not knowing where one goes	Jesus warns that the person who walks in darkness does not know where he is going; it directly links lost orientation with darkness.
medium	incil	motif	SBLGNT:Matt.15.14	blind guides lead others into a pit	Jesus calls the teachers blind guides whose followers fall with them; it adds the danger of a guide who cannot see the right way.
medium	incil	motif	SBLGNT:Romans.3.17	the way of peace is unknown	Paul cites the claim that people have not known the way of peace; this carries the Hebrew Bible’s lost-route image into his account of human wrongdoing.
medium	incil	motif	SBLGNT:2Cor.11.3	the serpent leads minds away from devotion	Paul fears that, as the serpent deceived Eve, the community’s minds may be led astray from devotion to Christ; this gives the commentary’s ambushing adversary a specific Christian counterpart.
medium	incil	motif	SBLGNT:Acts.18.25	Apollos is instructed in the Lord’s way but incompletely	Apollos knows and teaches the way of the Lord but knows only John’s baptism; his case makes clear that a guide can have real direction while still lacking part of the route.
medium	incil	motif	SBLGNT:Acts.18.26	Priscilla and Aquila explain the way more accurately	The couple takes Apollos aside and explains the way of God more accurately; a community helps its guide correct and complete his direction.
medium	incil	motif	SBLGNT:Acts.16.9	a vision calls the travelers toward Macedonia	Paul sees a Macedonian asking him to come and help; the call gives a specific divine direction for a traveling group.
medium	incil	motif	SBLGNT:Acts.16.10	the group infers its destination from the call	The travelers conclude that God has called them to preach in Macedonia and set out; guidance becomes a shared decision about where to go.
medium	incil	motif	SBLGNT:Eph.2.10	people walk in works prepared by God	The community is created for good works God prepared beforehand for them to walk in; the path is a sustained practice laid out by God.
medium	incil	motif	SBLGNT:Luke.9.23	following Jesus is taken up daily	Jesus says a follower must take up the cross daily and follow him; the route is maintained through repeated, embodied commitment.
medium	incil	motif	SBLGNT:Heb.11.16	the travelers seek a homeland and a prepared city	The faithful desire a better country and a city God has prepared; this develops the commentary’s claim that a route is oriented toward a home.
strong	incil	motif	SBLGNT:Rev.7.17	the Lamb shepherds the people to springs of water	The Lamb shepherds the gathered people and guides them to springs of living water; guidance ends in rest and relief for the community.
medium	incil	motif	SBLGNT:Rev.14.4	the firstfruits follow the Lamb wherever he goes	The faithful are defined as those who follow the Lamb wherever he goes; the path is the shared movement of a favored group after its guide.
medium	incil	motif	SBLGNT:Matt.25.46	judgment assigns different final destinations	The judgment scene ends with one group entering eternal life and the other punishment; this adds the destination split to the commentary’s distinction between the guided and rejected.
