strong	53:39	root+theme	The rule that a person has only what they strive for makes سَعَى the precise basis of the section's labor account.
strong	53:40	root+scene+theme	The person's striving will be seen, matching the satisfied face that turns back and sees what its effort produced.
strong	53:41	theme	Full recompense completes the section's sequence from intentional work through inspection to an undiminished wage.
strong	17:19	root+theme	One who wants the Hereafter and makes its due striving has effort that is thanked, directly naming successful labor and its reception.
strong	76:22	root+scene+theme	Garden residents are told that their striving was thanked, the direct counterpart of the face pleased with its own effort.
strong	79:35	root+scene+theme	At the overwhelming event the human remembers what they strove for, staging the retrospective inspection of labor described in the section.
strong	25:23	scene+theme	Deeds are confronted and made scattered dust, a concrete realization of work whose worker receives no gain from it.
strong	18:104	root+theme	Their striving is lost in worldly life while they calculate that they work well; this joins wasted effort to a mistaken reckoning.
strong	24:39	scene+root+theme	Works become a thirsting person's mirage; the false estimate يَحْسَبُهُ ends when God fully settles حِسَابَهُ, uniting insufficiency, miscount, and payment.
strong	84:6	scene+theme	The human toils toward the Lord and will meet Him, concentrating purposeful weariness, return, and the encounter at which labor is assessed.
strong	84:8	root+scene+theme	The right-book recipient receives an easy account, a close enactment of the reckoning that belongs to God alone.
strong	84:9	scene+theme	After the easy account the recipient returns joyfully, clarifying how satisfaction follows a favorable labor account.
strong	84:11	scene+neighbour	The other recipient calls for destruction after receiving the record behind his back; 84:10 identifies the failed side of the same account scene.
strong	84:12	scene+neighbour	His entry into a blaze supplies the wage of the failed account begun in 84:10-11, like labor ending only in punishment.
strong	84:14	root+theme	He had calculated that he would never return, exposing the false reckoning corrected by the section's assertion that return and account are God's.
strong	84:15	scene+theme+neighbour	The Lord had always seen him; this explains why the mistaken confidence in 84:14 cannot remove any work from the final account.
strong	69:18	scene+theme	On the day of presentation nothing about the people remains hidden, establishing the disclosure in which effort and its record are faced.
strong	69:19	scene+neighbour	Receiving the record in the right hand identifies the speaker whose confidence about his account follows in 69:20.
strong	69:20	root+scene+theme	The right-book recipient says he expected to meet his account, the closest parallel to a face looking back contentedly on its labor.
strong	69:21	root+scene	The resulting عِيشَةٍ رَاضِيَةٍ repeats the section's satisfaction vocabulary and locates it after a favorable account.
strong	69:22	scene+neighbour	A high garden is the place of the pleasing life in 69:21, matching the high garden reached by the satisfied face.
strong	69:24	scene+theme	Eating and drinking are explicitly granted for what was sent ahead in former days, turning sufficient garden provision into the wage of work.
strong	69:25	scene+neighbour	Receiving the record in the left hand stages the opposite worker before his rejection of the account in 69:26.
strong	69:26	root+scene+theme	The left-book recipient wishes he had never known his account, reversing the confident meeting of the account in 69:20.
strong	69:28	root+scene+theme	The condemned speaker says his wealth did not avail him, using أَغْنَى in the section's sense of failing to suffice at reckoning.
strong	101:6	scene+theme+neighbour	Heavy scales identify the favorable measurement whose result is the pleasing life in 101:7.
strong	101:7	root+scene	The person with heavy scales enters عِيشَةٍ رَاضِيَةٍ, the same phrase that makes favorable reckoning visible as satisfaction.
strong	101:8	scene+theme	Light scales stage the opposite measurement: labor enters the account but lacks the weight needed for a satisfying return.
strong	101:9	scene+neighbour	The abyss is the destination produced by the light scales in 101:8, completing the failed side of the wage scene.
strong	78:29	root+theme	God says every thing has been enumerated in a record, a literal counterpart to the section's definition of account as counting things one by one.
strong	78:35	root+scene	No vain speech or lie is heard in the garden, directly paralleling the garden from which لَاغِيَة is absent.
strong	78:36	root+theme	The righteous receive recompense as عَطَاءً حِسَابًا, the sufficient gift that answers labor whose provision did not suffice.
strong	9:120	root+scene+theme	Thirst, hunger, and نَصَب in God's path are written as a righteous deed and earn an undiminished wage, reversing toil that yields only toil.
strong	2:202	root+theme	They have a نَصِيب from what they earned and God is swift in account, joining the section's audible sense of share to acquisition and reckoning.
strong	4:32	root+theme	Men and women each have a نَصِيب of what they earn, stating directly that purposeful acquisition produces an apportioned share.
strong	11:109	root+theme	God will pay each group its نَصِيب without diminution, turning the secondary share sense beside نَاصِبَة into exact settlement.
strong	42:20	root+theme	The seeker of the worldly harvest receives some of it but has no afterlife share, while the afterlife harvest is increased; aim determines labor's return.
strong	21:47	root+scene+theme	Just scales omit nothing even as small as a mustard seed, and كَفَىٰ بِنَا حَاسِبِينَ joins exact reckoning to divine sufficiency.
strong	18:49	root+scene+theme	The record leaves neither small nor great without counting it and people find their deeds present, concretely staging the section's enumeration.
strong	2:225	root+theme	God does not take people to account for لَغْو in oaths but does for what hearts earn, exactly joining excluded speech to accountable acquisition.
strong	5:89	root+theme	Laghw in oaths is not taken to account, whereas deliberately bound oaths are; this supplies the section's boundary between surplus and countable intent.
strong	56:24	scene+theme+neighbour	Garden provision is recompense for what its people used to do; 56:25 then specifies that vain speech is absent from that earned setting.
strong	56:25	root+scene	Garden residents hear neither لَغْوًا nor sinful speech, a direct lexical and scenic parallel to the section's silent garden.
strong	56:26	scene+neighbour	Peace is the only speech heard, positively completing the absence of vain speech stated in 56:25.
strong	52:23	root+scene	The garden cup contains neither لَغْو nor sin, placing the same excluded speech amid the rewarded hospitality described by the section.
strong	19:62	root+scene	Garden inhabitants hear no لَغْو, only peace, while their provision arrives continually; absence of emptiness accompanies sufficient provision.
strong	28:55	root+theme	When believers hear لَغْو they turn away and distinguish “our deeds” from “your deeds,” tightly linking discarded speech with separate labor accounts.
strong	89:28	root+scene+theme	The soul returns رَاضِيَةً مَرْضِيَّةً, expressing in one line both the servant's satisfaction and God's satisfaction named in the section.
strong	89:30	root+scene+neighbour	The mutually satisfied soul of 89:28 enters God's garden, completing the same movement from accepted labor to a satisfying garden.
strong	98:8	root+scene+theme	Everlasting gardens are the reward where God is pleased with them and they with Him, explicitly realizing both directions of رضا.
strong	5:119	root+scene+theme	For the truthful, gardens and mutual satisfaction—رَضِىَ ٱللَّهُ عَنْهُمْ وَرَضُوا۟ عَنْهُ—form the profitable outcome of the day of accounting.
strong	9:100	root+scene+theme	God's pleasure with the faithful and theirs with Him is followed by prepared gardens, again tying reciprocal رضا to final reward.
strong	58:22	root+scene+theme	God is pleased with a faithful people and they with Him, then admits them to gardens; divine approval and human contentment meet in the wage.
strong	92:4	root+theme	“Your striving is diverse” makes labor the fork from which the surah's opposed outcomes of ease and hardship proceed.
strong	92:11	root+scene+theme	The miser's wealth will not avail him when he falls, using يُغْنِى in the same failed-sufficiency sense as the useless food.
strong	92:21	root+scene+theme	After giving for God's approval, the person “will surely be satisfied,” making رضا the end of a correctly directed striving.
strong	20:15	root+theme	The Hour is coming so that every soul may be recompensed for what it strives for, an exact statement of effort entering God's account.
strong	9:105	root+scene+theme	The command to work is followed by God seeing the work and by return to the Knower, who discloses what was done.
strong	99:6	scene+theme+neighbour	People emerge separately to be shown their deeds, establishing the display whose smallest entries 99:7-8 then specify.
strong	99:7	scene+theme	An atom's weight of good is seen, matching the section's claim that labor itself will be looked upon and counted.
strong	99:8	scene+theme	An atom's weight of evil is likewise seen, preventing failed effort from disappearing outside the account.
strong	58:6	scene+theme	God has enumerated deeds that their doers forgot, sharply distinguishing divine counting from the worker's incomplete memory.
strong	45:29	scene+theme	God's record speaks truth because what people did was copied, giving the labor account a concrete written form.
strong	36:12	scene+theme	God writes what people sent ahead and their traces and enumerates everything in a clear register, a direct image of comprehensive counting.
strong	54:52	scene+theme	Everything people did is in the records, locating intentional acts inside the final inventory.
strong	54:53	scene+theme+neighbour	Every small and great matter is inscribed, specifying the exhaustive scale of the deed records named in 54:52.
strong	3:30	scene+theme	Every soul finds the good and evil it did present, matching the face that turns and sees what its labor has become.
strong	75:13	scene+theme	The human is informed of what was sent ahead and left behind, making the final account include the full temporal reach of action.
strong	82:11	scene+theme+neighbour	Honored guardians are recording scribes; 82:12 identifies deeds as the material they know.
strong	82:12	scene+theme	The recorders know whatever people do, directly supplying the inventory behind the final reckoning.
strong	7:8	scene+theme	The weighing that day is true, and heavy scales yield success; labor's value is measured rather than merely asserted.
strong	7:9	scene+theme	Light scales identify those who lost themselves through wrongdoing, the failed side of measured labor.
strong	23:102	scene+theme	Those whose scales are heavy prosper, a direct parallel to effort whose final weight satisfies its owner.
strong	23:103	scene+theme	Those whose scales are light lose themselves and remain in Hell, making deficient labor produce the opposite wage.
strong	23:104	scene+neighbour	Fire scorches their faces after the light-scale verdict in 23:103, returning the failed reckoning visibly to the face.
strong	6:160	theme	A good deed receives tenfold while an evil deed receives only its like, specifying the just rates in the labor account.
strong	4:40	scene+theme	God does not wrong even an atom's weight and multiplies good, joining microscopic accounting to generous payment.
strong	4:86	root+theme	A greeting must be repaid better or equally, and God is حَسِيبًا over everything; measured reciprocation and reckoning occur together.
strong	53:31	theme	God repays those who do evil for what they did and those who do good with the best, stating the two wages of action.
strong	45:22	theme	Each soul is recompensed for what it earned without wrong, a compact formulation of labor, settlement, and exact justice.
strong	46:19	theme	People have ranks according to their deeds so that God may pay their works in full, turning qualitative labor into an undiminished allocation.
strong	2:281	theme	After all are returned to God, each soul is fully paid what it earned, matching the section's sequence of return followed by account.
strong	3:25	scene+theme	When gathered for the certain day, each soul is paid in full for what it earned; gathering makes the wage universal and exact.
strong	3:185	scene+theme	Every soul receives its wages in full on Resurrection Day, explicitly locating complete payment after mortal labor.
strong	16:111	scene+theme	On the day each soul pleads for itself, it is fully paid for what it did without wrong, an individualized work account.
strong	39:70	scene+theme	Every soul is paid in full for what it did, and God best knows their deeds; complete knowledge grounds complete settlement.
strong	40:17	scene+theme	Every soul is recompensed for what it earned with no injustice and a swift account, directly combining acquisition, wage, and reckoning.
strong	14:51	root+scene+theme	God repays each soul for what it earned and is swift in account, making earned outcome the express purpose of the final scene.
strong	3:57	theme	Those who believe and do righteous deeds receive their wages in full, directly realizing the dictionary link between intentional work and pay.
strong	4:173	theme	Believing workers are paid their wages fully and receive additional bounty, showing the wage can exceed the deed without omitting it.
strong	18:30	theme	God says He does not waste the wage of anyone who does good work, the positive boundary against labor yielding only fatigue.
strong	35:30	theme	Reciters, prayer, and giving form a trade that does not fail because God pays their wages fully and adds bounty.
strong	3:136	scene+theme	Forgiveness and gardens are called an excellent wage for workers, directly pairing عَامِلِين with أَجْر.
strong	29:58	scene+theme	Believing workers are lodged in high garden chambers, followed by “excellent is the wage of workers,” a close labor-to-height correspondence.
strong	39:74	scene+theme	Garden inheritors praise the fulfilled promise and the verse concludes “excellent is the wage of workers,” naming the garden as earned pay.
strong	37:61	scene+theme	After the garden victory, “for the like of this let the workers work” makes that result the proper object of purposeful labor.
strong	16:96	theme	What humans possess runs out while what is with God remains, and patient people are paid by their best deeds; enduring wage answers expended labor.
strong	16:97	scene+theme	Righteous work receives a good life and a reward based on the best deeds, directly linking labor, pleasing life, and payment.
strong	32:17	scene+theme	No soul knows the comfort hidden for them as recompense for what they did, showing a wage whose sufficiency surpasses the worker's present sight.
strong	40:40	root+scene+theme	Righteous workers enter the garden and are provided for بِغَيْرِ حِسَابٍ, contrasting exact deed reckoning with reward beyond measure.
strong	39:10	root+theme	The patient are paid their wage without measure, a concrete boundary to “account” as finite enumeration.
strong	52:19	scene+theme	Garden residents are told to eat and drink pleasantly for what they used to do, making satisfying food the direct pay of action.
strong	77:43	scene+theme	The righteous eat and drink pleasantly for what they used to do, reversing food that cannot satisfy hunger.
strong	77:44	theme+neighbour	God says this is how doers of good are recompensed, explicitly interpreting the sufficient provision of 77:43 as their wage.
strong	43:72	scene+theme	The garden is inherited because of what its people used to do, identifying the lasting habitation as labor's return.
strong	7:43	scene+theme	Garden heirs say they could not have reached it without God's guidance, while the call states they inherited it for their deeds.
strong	11:15	theme+neighbour	Those wanting worldly life receive the full return of their deeds there; 11:16 reveals that this exhausts their wage before the Hereafter.
strong	11:16	scene+theme	For worldly workers only the Fire remains, and what they made is void, the clearest parallel to labor whose sole gain is weariness.
strong	14:18	scene+theme	Disbelievers' deeds are ashes scattered by a violent wind and they can gain nothing from what they earned, a vivid image of unusable labor.
strong	2:264	scene+theme	A showy charity becomes dust washed from bare rock, leaving its giver unable to gain anything earned; effort and expected wage vanish together.
strong	18:103	theme+neighbour	The question about the greatest losers in deeds introduces the people whose miscalculated striving is specified in 18:104.
strong	18:105	scene+theme+neighbour	Their works collapse and receive no weight on Resurrection Day, completing the lost striving and wrong calculation of 18:104.
strong	18:107	scene+theme	Believing workers receive gardens as hospitality, supplying the deliberate opposite outcome to the lost workers of 18:103-105.
strong	47:1	theme	Those who disbelieve and block God's way have their deeds led astray, describing purposeful activity deprived of its intended return.
strong	47:2	theme+contrast	Believers who do righteous work have their evils removed and their state repaired, the paired successful side of the failed deeds in 47:1.
strong	111:2	root+theme	Neither wealth nor what the condemned man earned avails him, joining failed sufficiency to acquisition in a single line.
strong	39:50	root+theme	What earlier rejecters earned did not avail them, making acquisition itself incapable of becoming sufficient protection.
strong	39:51	scene+theme+neighbour	The evils they earned then struck them, supplying the actual wage after 39:50 denies that their gains could avail.
strong	40:82	root+theme	Past peoples' abundant acquisitions did not avail them, another direct use of earning followed by failed sufficiency.
strong	45:10	root+scene+theme	Neither what they earned nor their protectors avail them before Hell, uniting useless gain, failed sufficiency, and punishment.
strong	26:88	root+scene+theme	On the final day wealth and children do not avail, setting a sharp limit on what can count as sufficient capital.
strong	26:89	scene+theme+neighbour	Only one who comes with a sound heart escapes the insufficiency named in 26:88, identifying what remains valid at the account.
strong	13:40	root+speaker+theme	The messenger's duty is only delivery while “upon Us is the account,” almost exactly restating the section's division of roles.
strong	26:113	root+speaker+theme	Noah says his followers' account rests only with his Lord, the same boundary that reserves final counting to God.
strong	6:52	root+speaker+theme	The Prophet bears none of the believers' account and they bear none of his, guarding the divine ownership of reckoning.
strong	6:69	root+speaker+theme	The God-fearing bear none of the mockers' account but must remind them, joining the section's reminder stance to separated liability.
strong	6:62	root+scene+theme	People are returned to God, their true Master, to whom judgment belongs and who is swiftest in account; return and counting meet explicitly.
strong	74:38	theme	Every soul is held in pledge for what it earned, making acquisition an inescapably personal liability.
strong	52:21	theme	Each person is a pledge for what they earned even when believing families are reunited, preserving the individual labor account.
strong	45:21	root+theme	Evildoers wrongly calculate that they will be made equal to believing righteous workers; the verse rejects an undifferentiated wage.
strong	38:28	theme	God asks whether righteous workers could be treated like corrupters, defining fair reckoning through the required distinction between their labors.
strong	67:2	theme	Life and death are created to test who is best in deed, making purposeful work the object of divine assessment.
contrast	35:35	root+scene+contrast	Garden inhabitants say no نَصَب or weariness touches them there, the exact reversal of a face whose labor remains upon it as exhaustion.
contrast	15:48	root+scene+contrast	No نَصَب touches garden inhabitants and they never leave, opposing both fruitless fatigue and the instability of a merely worldly gain.
contrast	20:117	root+scene+contrast	Adam is warned that expulsion from the garden would make him toil, locating weariness outside the garden where the satisfied face rests.
contrast	20:118	scene+contrast+neighbour	Inside the garden Adam neither hungers nor lacks clothing, the direct positive boundary to food that does not avail against hunger.
contrast	20:119	scene+contrast+neighbour	The garden also removes thirst and exposure to heat, completing the sufficient provision opposed to punishment's useless food and drink.
contrast	76:9	theme+contrast	The righteous feed others while seeking neither human recompense nor thanks, qualifying the section's wage principle: their intended pay is from God.
contrast	92:19	theme+contrast	The giver acts without any person's favor needing repayment, excluding social exchange from the labor account that ends in satisfaction.
contrast	92:20	root+theme+contrast	The giver seeks only the face of the Most High, fixing the aim that makes the satisfaction promised in 92:21 a divine wage.
contrast	53:48	root+contrast	God alone enriches and grants sufficiency, setting the source of genuine غِنَى against food, wealth, and earnings that fail to avail.
contrast	96:6	root+theme+contrast	Human transgression begins when a person treats himself as independent, introducing the false sufficiency named in 96:7.
contrast	96:7	root+theme+contrast	Seeing oneself as ٱسْتَغْنَى is the opposite of recognizing that created gains cannot suffice at the final account.
contrast	96:8	scene+theme+contrast	The return is to the Lord despite the person's claim of self-sufficiency, correcting that claim through the same return-account sequence as the section.
contrast	41:26	root+scene+contrast	Rejecters command one another to make noise, وَٱلْغَوْا, during the Quran; their manufactured babble contrasts with the garden where no vain speech is heard.
contrast	33:5	theme+contrast	There is no blame for an honest mistake, only for what hearts intend, defining the purposeful boundary that makes an act accountable work.
contrast	50:18	scene+theme+contrast	No utterance escapes an observing recorder; alongside the oath exceptions in 2:225 and 5:89, this distinguishes recording speech from liability for laghw.
contrast	106:4	scene+theme+contrast	God feeds Quraysh against hunger, a compact image of provision that truly suffices where the punishment food cannot.
contrast	16:18	root+theme+contrast	Humans cannot enumerate God's favors, reversing the direction of the section's final count: divine gifts exceed human counting while God counts people.
contrast	14:34	root+theme+contrast	God gives from what people ask, yet they cannot enumerate His favors; abundance outruns the creature's حساب while creaturely deeds remain accountable.
medium	4:85	root+theme	A good intercession yields a نَصِيب from it and an evil one a corresponding burden, extending the share sense to a deliberate intervention's return.
medium	4:6	root+theme	Guardians must hand over orphan property after assessment and keep no wasteful wage, with God sufficient as حَسِيبًا; stewardship becomes literal reckoning.
medium	65:3	root+theme	Whoever relies on God finds that He is حَسْبُهُ, using the account root's sufficiency branch to locate enoughness in the giver rather than the wage.
medium	2:212	root+theme	Worldly life deceives rejecters while believers stand above them at Resurrection and God provides without account, linking final rank to unmeasured provision.
medium	23:3	root+theme	Believers turn away from لَغْو in worldly life; their deliberate refusal anticipates the garden where such speech is not heard at all.
medium	25:72	root+theme	God's servants pass by لَغْو with dignity, a lived counterpart to the final environment from which vain speech has disappeared.
medium	2:205	root+theme	The person who turns away strives to corrupt the earth and destroy crops and offspring, giving concrete form to the dictionary claim that سَعْي can be evil work.
medium	2:114	root+theme	Striving to ruin places where God is remembered supplies another morally failed سَعْي whose object determines its eventual account.
medium	22:51	root+theme	Those who strive to frustrate God's signs are assigned the Blaze, explicitly giving hostile striving its corresponding wage.
medium	34:5	root+theme	Those who strive against God's signs receive painful punishment, a repeated negative instance of effort measured by its aim.
medium	34:38	root+theme	Striving to defeat God's signs ends with the strivers brought into punishment, making failed hostile effort visible at its destination.
medium	38:41	root+scene	Job names his affliction as نُصْب and torment, confirming the fatigue sense heard in the worked and weary face without itself supplying a wage scene.
medium	18:62	root+scene	Moses' companion says their journey has brought نَصَب, a concrete instance of purposeful movement leaving fatigue on the traveler.
medium	94:7	root+theme	The command فَٱنصَبْ after finishing directs renewed exertion toward the Lord, setting purposeful fatigue on the successful side of labor.
medium	90:4	scene+theme	Humanity is created in toil, broadening the worked face's exhaustion into the ordinary condition from which the final wage acquires urgency.
medium	93:5	root+theme	The Lord will give until the addressee is satisfied, pairing divine gift with رضا even though the verse does not itself name the preceding work.
medium	57:27	root+theme	Monasticism is invented seeking God's pleasure but not duly observed; believers among them receive wages, bringing intention, failed performance, رضا, and pay together.
medium	39:7	root+theme	God is pleased with gratitude while every soul bears only its own burden, linking divine رضا to individualized responsibility.
medium	2:158	theme	A voluntary good act finds God appreciative and knowing, a close nonlexical parallel to striving that is “thanked.”
medium	42:23	theme	Whoever earns a good deed receives increase in it and God is appreciative, explaining how a worker's gain can be acknowledged beyond bare equivalence.
medium	83:36	scene+theme	The closing question asks whether disbelievers have been repaid for what they used to do, presenting final recompense as the verdict on their conduct.
medium	18:110	scene+theme	Whoever hopes to meet the Lord must do righteous work sincerely, joining purposeful action to the encounter where the account occurs.
medium	75:36	root+theme	The human wrongly calculates that he will be left aimless, a mistaken حساب-like assumption that would erase purposeful work and final settlement.
medium	23:115	root+theme	God asks whether people calculated that they were created pointlessly and would not return, directly opposing the denial of return and account.
strong	76:8	scene+theme+neighbour	Feeding the needy, orphan, and captive is the concrete deed whose disavowal of human payment follows in 76:9 and whose divine wage appears in 76:12 and 76:22.
strong	76:12	scene+theme	God recompenses their patience with a garden and silk, explicitly making the garden hospitality that culminates in 76:22 a wage.
strong	76:15	scene+neighbour	Silver vessels and cups circulate among the garden people, supplying the particular hospitality immediately before their striving is pronounced thanked in 76:22.
strong	76:16	scene+theme+neighbour	The silver vessels are precisely measured, adding measured provision to the garden scene whose guests' effort receives acknowledgment in 76:22.
strong	76:21	scene+neighbour	The Lord clothes the garden people and gives them a pure drink; this is the last concrete gift before 76:22 identifies the whole reception as their wage.
strong	17:18	root+scene+contrast	One who wants the immediate life receives only the allotted portion God wills and then Hell, the deliberately failed counterpart to the afterlife striving in 17:19.
strong	79:34	scene+neighbour	The great overwhelming event arrives, naming the event at which 79:35 says each person remembers their striving.
strong	79:36	scene+theme+neighbour	Hell is exposed to everyone who can see immediately after remembered striving, turning the review of work into a visible outcome.
strong	79:37	theme+neighbour	The transgressor opens the failed branch of the reckoning that follows the recollection of striving in 79:35.
strong	79:38	theme+neighbour	Preferring the nearer life identifies the aim of the failed worker whose destination 79:39 states.
strong	79:39	scene+theme+neighbour	Hell is the abode of the one who preferred worldly life, completing the negative wage of 79:37-38.
strong	79:40	theme+neighbour	Fearing the Lord's station and restraining desire identify the contrary labor whose destination follows in 79:41.
strong	79:41	scene+theme+neighbour	The garden is the abode of the self-restraining person, completing the successful wage after striving is remembered.
strong	53:38	theme+neighbour	No bearer bears another's burden; just before the rule about striving, this makes each labor account personally nontransferable.
strong	53:42	scene+theme+neighbour	The final destination is to the Lord, completing the effort-and-recompense sequence of 53:39-41 with the owner of the account.
strong	18:106	scene+theme+neighbour	Hell is named as the recompense of those whose striving was lost and whose deeds had no weight in 18:104-105.
strong	101:11	scene+neighbour	A fiercely hot fire identifies the abyss reached by the person with light scales, completing that failed account's destination.
strong	92:5	theme+neighbour	Giving and guarding oneself begin the successful form of the diverse striving announced in 92:4.
strong	92:6	theme+neighbour	Affirming the best promise supplies the conviction that directs the giver's effort toward its favorable result.
strong	92:7	theme+neighbour	God eases the giver toward ease, making rightly aimed striving issue in a fitting path and outcome.
strong	92:8	root+theme+contrast	Withholding and deeming oneself self-sufficient, ٱسْتَغْنَىٰ, begin the failed branch of striving and expose false sufficiency as its motive.
strong	92:9	theme+neighbour	Denying the best promise supplies the orientation that makes the miser's effort fail.
strong	92:10	theme+neighbour	God eases the miser toward hardship, giving the second form of diverse striving its contrary result.
strong	17:13	scene+theme	Each person's record is fastened to them and brought out as an open book, concretely attaching the account to its worker.
strong	17:14	root+scene+theme	The person is told to read their own record and is sufficient that day as an accountant against themself, joining self-inspection, sufficiency, and reckoning.
strong	84:7	scene+neighbour	Receiving the book in the right hand identifies the favorable account holder before 84:8 states that his reckoning is easy.
strong	84:10	scene+neighbour	Receiving the book behind the back identifies the failed account holder before his call for destruction in 84:11.
strong	84:13	scene+contrast+neighbour	His former joy among his family contrasts with the lasting joy after an easy account and explains the false expectation of no return in 84:14.
strong	6:132	theme	Everyone has ranks according to what they did, so differing labor receives a differentiated outcome under God's complete awareness.
strong	10:61	scene+theme	No deed escapes God's witness, not even an atom's weight, and everything is in a clear record; this is exhaustive labor accounting.
strong	19:94	scene+theme	God has encompassed people and counted them exactly, a direct formulation of the section's counting sense of account.
strong	19:95	scene+theme+neighbour	Each person comes to God individually, showing the personal presentation produced by the exact count in 19:94.
strong	31:16	scene+theme	Even a mustard-seed weight hidden in rock, heaven, or earth is brought by God, showing that no minute work can escape the account.
strong	34:3	scene+theme	Not an atom's weight or anything smaller or greater escapes God; all is in a clear record, specifying the precision of final counting.
strong	23:62	scene+theme	A record speaks truth and no one is wronged, while obligation stays within capacity; the account measures real work without manufacturing impossible liability.
strong	9:121	scene+theme+neighbour	Every expenditure and journey is written as a righteous deed so God may reward the best of their work, continuing 9:120's accounting of fatigue itself.
strong	10:52	scene+theme	Those in lasting punishment are asked whether they are being recompensed for anything but what they earned, identifying torment as settled acquisition.
strong	27:90	scene+theme	Faces are cast into the fire and asked whether they are repaid except for what they did, visibly joining deed, wage, and punished face.
strong	36:54	scene+theme	On that day no soul is wronged and people are recompensed only for what they did, stating the exact labor settlement.
strong	37:39	theme	The condemned are recompensed only for what they used to do, defining punishment as the corresponding wage of action.
strong	66:7	scene+theme	Disbelievers are told not to excuse themselves that day because they are repaid only for what they did, making the account answer deed rather than plea.
strong	41:46	theme	Righteous work benefits its doer and evil works against its doer, while the Lord wrongs no servant; action returns to its source justly.
strong	45:15	theme	Whoever works righteousness does so for themself and whoever does evil works against themself, before all return to the Lord.
strong	17:7	theme	Doing good benefits the doer and doing evil harms the doer, expressing the return of labor upon its worker.
strong	6:164	theme	Every soul earns only against itself and no bearer carries another's burden before return to God, defining the account's personal ownership.
strong	2:286	theme	Each soul receives the good it earns and bears the evil it earns, a compact two-sided ledger of acquisition.
strong	3:161	scene+theme	On Resurrection Day every soul is fully paid what it earned without wrong, another exact formulation of completed wages.
strong	4:123	theme	Whoever does evil is recompensed for it and finds no protector against God, preventing harmful work from escaping settlement.
strong	4:124	scene+theme	Believing righteous workers enter the garden without even a speck of wrong, supplying the favorable side of 4:123's deed account.
strong	11:111	theme	The Lord will fully repay everyone for their deeds and is informed of what they do, joining complete knowledge to full payment.
strong	2:272	theme	Whatever good people spend is fully repaid to them without wrong, making voluntary expenditure an action with an exact return.
strong	8:60	theme	Whatever is spent in God's path is fully repaid without injustice, another explicit conversion of purposeful outlay into undiminished wage.
strong	7:147	theme	Those who deny God's signs have their works nullified and are asked whether they are recompensed except for what they did.
strong	2:217	scene+theme	Those who turn back from faith lose their deeds in both worlds and remain in the Fire, making sustained work end without profitable share.
strong	3:22	theme	Their works fail in this world and the Hereafter and no helpers remain, a repeated formulation of labor stripped of every return.
strong	5:5	theme	Rejecting faith makes work collapse and leaves the person among afterlife losers, linking null labor to final loss.
strong	9:17	scene+theme	The idolaters' works collapse and they remain in the Fire, a direct pairing of wasted activity with its failed wage.
strong	9:69	root+theme	They enjoyed their allotted share as earlier peoples did, but their works collapsed; temporary portion and final loss meet in one reckoning.
strong	47:9	root+theme	Because they hated what God sent down, He made their works collapse; rejection removes the hoped-for return of labor.
strong	47:28	root+theme	Following what angers God and disliking His pleasure causes works to collapse, tying divine رضا and the survival of deeds together.
strong	3:117	scene+theme	Their spending resembles a freezing wind that destroys a wrongdoer's crop, a concrete agricultural image of expended labor losing its yield.
strong	2:266	scene+theme	A treasured garden burns when its owner is old and dependents are weak, dramatizing the ruin of an expected yield precisely when its wage is needed.
strong	3:171	theme	The faithful rejoice that God does not waste the believers' wage, directly affirming preservation of earned return.
strong	7:170	theme	Those who hold to the Book and establish prayer learn that God does not waste the wage of reformers.
strong	11:115	theme	Patience is commanded because God does not waste the wage of doers of good, setting endurance against fruitless weariness.
strong	12:56	scene+theme	Joseph is established in the land and the verse states that God does not waste the wage of doers of good, showing preserved labor in worldly placement.
strong	12:90	root+theme	Joseph says that reverence and patience are not lost because God does not waste the wage of doers of good, explaining his satisfaction after long trial.
strong	68:35	theme+contrast	God asks whether those who submit could be made like criminals, rejecting a reckoning that gives opposed workers the same wage.
strong	68:36	root+theme+neighbour	“What is wrong with you; how do you judge?” exposes the faulty calculation behind the impossible equality posed in 68:35.
contrast	38:39	root+theme+contrast	Solomon is told that God's gift may be bestowed or withheld without account, placing sovereign abundance beyond the finite counting applied to human work.
contrast	104:3	root+theme+contrast	The hoarder calculates that wealth has made him immortal; the following fire corrects a false estimate of wealth's sufficiency and lasting wage.
medium	17:20	scene+theme+neighbour	God extends His gift to both the immediate-life seeker and the afterlife striver, clarifying that present provision alone is not the final labor verdict.
medium	17:21	theme+neighbour	Worldly preferences differ, but the Hereafter has greater ranks and preference; this explains the larger return of the striving in 17:19.
medium	53:36	neighbour	The verse points to what is in Moses' scrolls, locating the labor-account rule of 53:39 in the source tradition named by the section.
medium	53:37	neighbour	Abraham who fulfilled is named beside Moses, completing the scriptural attribution that frames the rules in 53:38-41.
medium	92:12	speaker+theme+neighbour	God says guidance rests upon Him in the same passage that separates diverse strivings and their outcomes.
medium	92:13	speaker+theme+neighbour	The first life and the Hereafter belong to God, grounding His authority over both the labor period and its final wage.
medium	19:84	scene+theme	God says He is counting for the rejecters a count, a non-ḥisāb formulation of the deliberate divine enumeration developed in the section.
medium	72:28	scene+theme	God encompasses what His messengers carry and counts everything numerically, extending divine counting to exhaustive knowledge.
medium	3:162	root+theme+contrast	Seeking God's pleasure is set against incurring His wrath, so رضا marks a decisive difference in the final valuation of action.
medium	3:163	theme+neighbour	The two groups have differing degrees with God, giving the opposed relation to divine pleasure in 3:162 a measured outcome.
medium	9:72	root+scene+theme	Gardens and lasting dwellings are promised, but God's pleasure is declared greater, ranking رضا above even the visible wage.
medium	48:18	root+theme	God is pleased with the believers' pledged intention and rewards them with a near victory, a historical instance of divine رضا becoming recompense.
medium	48:29	root+theme	The faithful seek bounty and divine pleasure, and righteous workers among them are promised forgiveness and a great wage.
medium	2:214	root+theme	The question whether believers calculate they will enter the garden before severe trial challenges an account that expects reward without tested effort.
medium	3:142	root+theme	The question whether people calculate they will enter the garden before their striving and patience are disclosed links hoped-for reward to proven labor.
