strong	tevrat	motif	WLC:Ps.107.8	yol gösteren iyilik için şükretmek	Doğru yolda yerleşecekleri şehre götürülmelerinin ardından YHWH'ye sadık sevgisi ve insanlara harikaları için şükretme çağrısı gelir; yol nimeti ile hamdi doğrudan birleştirir.
strong	tevrat	motif	WLC:Ps.107.9	aç ve susuzu iyi şeylerle doyurmak	YHWH'nin susayan canı doyurup aç canı iyi şeylerle doldurması, 106:4'teki açlığı gideren Rab ve verilen nimet ilişkisini tamamlar.
strong	tevrat	motif	WLC:Ps.116.12	bütün iyiliklere karşılık verme	Mezmurcu “bana bütün iyilikleri için YHWH'ye ne vereceğim?” diye sorar; alıcının nimete hamd ve karşılıkla cevap vermesi için yalın bir formüldür.
strong	tevrat	motif	WLC:Ps.136.1	iyi olan Rabbe şükretmek	YHWH'nin iyi oluşu ve kalıcı sadık sevgisi için şükretme formülü, rahmetten doğan iyilik ile el-hamdın temel litürjik bağını verir.
strong	tevrat	motif	WLC:Ps.145.8	bol iyiliğin adını yaymak	Mezmur, Tanrı'nın bol iyiliğinin anısını coşkuyla yaymayı söyler; verenin iyiliklerini başkaları önünde sayan hamd için belirgin bir karşılıktır.
strong	tevrat	motif	WLC:1Chr.29.12	zenginlik, onur ve güç veren el	Zenginlik ve onurun Tanrı'dan geldiğini, onun elinin büyütüp güç verdiğini söyler; yorumdaki uzanan el, Rab ve ihsanın kaynağını birleştirir.
strong	tevrat	motif	WLC:1Chr.29.13	verene şükür ve adını övme	İlahi elden gelen zenginlik ve gücün hemen ardından topluluk Tanrı'ya şükredip yüce adını över; nimetten hamde geçişin gerekli devamıdır.
strong	tevrat	motif	WLC:Neh.9.15	gökten ekmek, kayadan su ve verilmiş ülke	İsrail'in açlığına ekmek, susuzluğuna su verilip vaat edilen ülkeye girme emri verilmesi, besleme ile topluluk nimeti ve hedefe götürülmeyi tek tarihsel dua içinde toplar.
strong	tevrat	motif	WLC:Neh.9.19	yolda bırakmayan bulut ve ateş	Tanrı'nın merhametinden ötürü bulut sütununu gündüz yolu göstermek, ateşi gece aydınlatmak için halktan ayırmaması, hidayetin tamamlanmış nimetin bir parçası oluşudur.
strong	tevrat	motif	WLC:Neh.9.20	iyi Ruh, manna ve su	İyi Ruhun öğretişi ile manna ve suyun birlikte verilmesi, ilahi iyilikte yol eğitimi ile maddi beslemenin ayrılmadığını gösterir.
strong	tevrat	motif	WLC:Exod.16.12	doyurucu ekmek ve Rabbin tanınması	Mısır'dan çıkanlara akşam et, sabah doyacakları ekmek verilir ki YHWH'yi bilsinler; 106:3–4'te besleyen Rabbe kulluk/tanıma cevabını besler.
strong	tevrat	motif	WLC:Deut.8.3	açlık, manna ve öğretici besleme	YHWH'nin halkı aç bırakıp manna ile doyurması, rızkın insanı sözüyle yaşatmak için verilen eğitici bir nimet oluşunu anlatır.
strong	tevrat	motif	WLC:Deut.26.11	hane ve yabancıyla verilen iyilikte sevinmek	Kişinin hanesi, Levili ve yabancıyla Tanrı'nın verdiği bütün iyi şeylere sevinmesi, nimetin 1:7'deki gibi topluluğa yayıldığını ve ortak karşılık doğurduğunu gösterir.
strong	tevrat	motif	WLC:Josh.24.13	çalışılmamış toprak ve kurulmamış şehir armağanı	Tanrı'nın çalışmadıkları toprak, kurmadıkları şehir ve dikmedikleri bağları İsrail'e vermesi, nimetin insanın kendi harcamasına yazılamayacağını somutlaştırır.
strong	tevrat	motif	WLC:Josh.24.14	verilmiş nimete cevap olarak Rabbe kulluk	Verilen ülke ve ürünler anlatıldıktan sonra İsrail'e YHWH'den korkup ona kulluk etmesi emredilir; 106:3–4'ün rızık-kulluk düzeniyle doğrudan eşleşir.
strong	tevrat	motif	WLC:Deut.7.8	sevgi, atalara yemin ve kurtuluş	YHWH'nin sevgisi ve atalara verdiği yemini tutması nedeniyle İsrail'i Mısır'dan çıkarması, rahmetin soy boyunca tamamlanan nimete dönüşmesi için ana Tevrat ifadesidir.
strong	tevrat	motif	WLC:Gen.48.16	Yakup hanesine uzanan kurtuluş ve bereket	Yakup, kendisini kötülükten kurtaran meleğin çocukları bereketlemesini ve atalarının adının onlarda sürmesini ister; 12:6'daki Yakup ailesine tamamlanacak nimet için aile içi sahnedir.
strong	tevrat	motif	WLC:1Kgs.3.13	istenenden fazlasını vermek	Tanrı Süleyman'a istemediği zenginlik ve onuru da vereceğini söyler; en‘ame'nin fazlasını verme ve artırma ikincil anlamına somut anlatıdır.
strong	tevrat	motif	WLC:Ps.23.6	iyilik ve rahmetin eve varması	İyilik ve sadık sevginin bütün günler takip etmesi ve YHWH'nin evinde oturma, rahmet, yol ve kutsal evin varışta birleştiği bir mezmur sonudur.
strong	tevrat	motif	WLC:Ps.25.5	Rabbin yollarını öğretmesini istemek	Dua eden, YHWH'nin yollarını kendisine bildirmesini ve patikalarını öğretmesini ister; ihdinâ sırâtal-müstakîm'in yalvarış biçimine yakındır.
strong	tevrat	motif	WLC:Ps.25.6	hakikatte yöneltmek ve öğretmek	YHWH'den hakikatte yöneltmesini ve öğretmesini istemek, yolun yalnız yön değil ilahi eğitim olarak da verilen nimet oluşunu açar.
strong	tevrat	motif	WLC:Ps.27.12	yol öğretmek ve düz patikada götürmek	YHWH'nin yolunu öğretmesi ve düşmanlar yüzünden düz patikada götürmesi için dua, sırât-ı müstakîm isteğinin yakın mezmur paralelidir.
strong	tevrat	motif	WLC:Ps.119.105	ayağa kandil, patikaya ışık	Tanrı sözü ayağa kandil ve patikaya ışık olur; hidayetin yolda yürümeyi mümkün kılan nimet oluşunu kısa bir imgeyle taşır.
strong	tevrat	motif	WLC:Isa.30.21	“yol budur, onda yürüyün”	Arkadan gelen sesin “yol budur, onda yürüyün” demesi, doğru yolun doğrudan ilahi yönlendirme olarak verilmesidir.
strong	tevrat	motif	WLC:Isa.35.8	kutsallık yolu ve sapmayan yolcular	Kutsallık yolunda yolcuların, hatta bilgisizlerin bile, yoldan sapmayacağı vaadi; nimet verilenlerin yolu ile sapmışların ayrımına yakın bir peygamberlik imgesidir.
strong	tevrat	motif	WLC:Isa.43.19	çölde yol ve ıssızda ırmak	Tanrı'nın çölde yol, ıssız yerde ırmak yapması, hidayet ile doyurucu ihsanın en zor yerde birlikte yaratılmasıdır.
strong	tevrat	motif	WLC:Isa.49.10	merhamet edenin doyurup suya yöneltmesi	Açlık ve susuzluğun kalkması, merhamet edenin halkı su pınarlarına götürmesi; rahmet, rızık ve yolun tek vaatte birleşmesidir.
strong	tevrat	motif	WLC:Jer.31.9	babalık, su akıntıları ve düz yol	Tanrı ağlayanları su akıntılarına, sendelemeyecekleri düz yola götürür ve kendisini İsrail'in babası diye açıklar; Rabbin koruyan iyiliği ile hidayetin birleşik sahnesidir.
strong	tevrat	motif	Tobit 12:6	Tanrı'nın yaptıklarını yaşayanlara bildirmek	Refael, Tanrı'yı bereketlemeyi, onun kendileri için yaptıklarını yaşayanların önünde tanımayı ve işlerini herkese duyurmayı buyurur; 93:11'in Yahudi anlatı karşılığıdır.
strong	incil	motif	SBLGNT:Luke.1.49	Kudretlinin bana büyük şeyler yapması	Meryem, Kudretli'nin kendisi için büyük işler yaptığını yüceltici bir ilahide söyler; alıcının nimetini hamd içinde ilan etmesidir.
strong	incil	motif	SBLGNT:Luke.1.54	İsrail'e merhameti hatırlayarak yardım etmek	Tanrı'nın kul İsrail'e yardımının merhameti hatırlaması olarak anlatılması, 12:6'daki haneye ve atalara uzanan nimete Hristiyan ilahi paralelidir.
strong	incil	motif	SBLGNT:John.6.11	şükürle ekmeği dağıtmak	İsa ekmekleri alır, şükreder ve oturanlara diledikleri kadar dağıtır; veren el, doyurma ve şükür aynı sahnede birleşir.
strong	incil	motif	SBLGNT:1Tim.4.4	yiyeceği şükranla kabul etmek	Tanrı'nın yarattığı her iyi şeyin şükranla kabul edildiğinde reddedilmemesi, rızka verilen açık Hristiyan teşekkür cevabıdır.
strong	incil	motif	SBLGNT:2Cor.9.11	zenginleştiren lütuf ve çoğalan şükran	Her cömertlik için her bakımdan zenginleştirilmek, elçiler aracılığıyla Tanrı'ya şükran doğurur; artırılmış nimet ile hamdin zinciridir.
strong	incil	motif	SBLGNT:1Pet.4.10	alınan armağanı birbirine hizmette kullanmak	Herkes aldığı armağanı birbirine hizmet etmekte kullanır; iyiliğin bir elden ötekine ulaştırılması olarak in‘âmın cemaat içi biçimidir.
strong	incil	motif	SBLGNT:Eph.2.10	lütufla hazırlanmış iyi işlerde yürümek	Tanrı'nın önceden hazırladığı iyi işlerde yürümek üzere yaratılma, bağışlanan lütuf ile yolun birlikte yaşanmasıdır.
strong	incil	motif	SBLGNT:Heb.13.21	her iyi şeyle donatıp iradeyi yapmak	Tanrı'nın iradesini yapmak için her iyi şeyle donatması ve içeride işlemesi, Rabbin iyiliği tamamlama ve düzene koyma işlevine Hristiyan karşılıktır.
strong	incil	motif	SBLGNT:Rev.21.6	tamamlanma ve hayat suyunun karşılıksız verilmesi	“Tamamlandı” ilanıyla susayana hayat suyunun karşılıksız verilmesi, nimetin tamamlanması, bağış ve son varış temasını tek eskatolojik cümlede toplar.
strong	incil	motif	SBLGNT:Luke.22.25	iktidar sahibinin “iyilik yapan” diye anılması	Ulusların kralları egemenlik sürer ve yetkililer “iyilik yapanlar” diye anılır; Firavun'un yetiştirme iyiliğini iktidar diliyle başa kakmasına eleştirel bir siyasi karşılıktır.
strong	incil	motif	SBLGNT:Luke.6.35	karşılık beklemeden iyilik ve ödünç	Düşmanlara iyilik edip geri ödeme ummadan ödünç verme buyruğu, iyiliği alıcı üzerinde alacak veya üstünlük aracına çevirmemeyi Tanrı'nın iyiliğine bağlar.
medium	incil	motif	SBLGNT:Acts.20.35	vermenin almaktan daha bereketli oluşu	İsa'ya atfedilen vermenin almaktan daha bereketli olduğu sözü, yorumun elden ele geçen iyilik imgesine belirgin ama daha genel bir etik paralel sağlar.
medium	incil	motif	SBLGNT:1Tim.6.17	zevk için bolca sağlayan Tanrı	Tanrı'nın zevk almak için her şeyi bolca sağladığı sözü, en‘ame'nin fazlasını verme ve artırma yönüne açık fakat anlatısız bir karşılıktır.
medium	incil	motif	SBLGNT:Matt.6.11	gündelik ekmeği verene yönelen dua	Gündelik ekmeğin Baba'dan istenmesi, 106:4'teki rızkın gerçek kaynağına yönelen daha dolaylı bir dua paralelidir.
