strong	tevrat	paralel	WLC:Exod.15.13	guidance to holy dwelling	Exodus says God led the redeemed people by strength to his holy abode; it supplies a scriptural journey whose end is a dwelling, the completion the commentary hears in ihdinā.
strong	tevrat	paralel	WLC:Ps.43.3	lead and bring to dwellings	The psalm asks that God's light and truth lead the speaker and bring him to God's holy hill and dwellings, closely joining guidance with arrival at a sacred home.
strong	tevrat	paralel	WLC:Ps.107.7	straight way to inhabited city	God leads wilderness wanderers by a straight way until they reach a city to inhabit; the verse makes a straight road culminate in a place of belonging.
strong	tevrat	paralel	WLC:Exod.23.20	guarded way and prepared place	God sends an angel to guard Israel on the way and bring them to a prepared place, combining escort, safety, and a divinely assigned destination.
strong	tevrat	paralel	WLC:Isa.2.3	House, ways, and paths	Nations go up to the house of Jacob's God so that he may teach them his ways and they may walk his paths; house and guided way are one scene.
strong	tevrat	paralel	WLC:Gen.22.2	sacrifice on shown mountain	Abraham is told to go to Moriah and offer on a mountain God will show him, a sacrifice directed toward a disclosed destination rather than offered anywhere.
strong	tevrat	paralel	WLC:Gen.22.13	ram offered at destination	The ram caught at Moriah is offered in Isaac's place, giving the selected mountain an actual animal offering within the Akedah scene.
strong	tevrat	paralel	WLC:2Chr.3.1	Moriah becomes Temple house	Chronicles places Solomon's Temple on Mount Moriah, canonically joining the shown sacrificial mountain to the later house of worship.
strong	tevrat	paralel	WLC:2Chr.7.12	house of sacrifice	God calls the chosen Temple site a house of sacrifice, an unusually direct biblical pairing of house and sacrificial destination.
strong	tevrat	paralel	WLC:Lev.17.4	livestock brought to Tent	An ox, lamb, or goat slaughtered for sacrifice must be brought to the entrance of the Tent of Meeting before YHWH; the animal's holy use depends on reaching the appointed place.
strong	tevrat	paralel	WLC:Deut.12.11	Name's dwelling and offerings	Israel must bring its offerings to the place YHWH chooses for his name to dwell, directly linking name, sacred house, and transported sacrifices.
strong	tevrat	paralel	WLC:Deut.16.2	flock or herd at Name-place	The Passover sacrifice is taken from flock or herd and offered at the place YHWH chooses for his name to dwell, closely matching animal, house, and named worship.
strong	tevrat	paralel	WLC:Isa.56.7	foreigner, house, accepted sacrifice	God brings foreign adherents to his holy mountain; their offerings are accepted on his altar in a house of prayer, bringing outsider reception and sacrifice together.
strong	tevrat	paralel	WLC:Isa.60.6	camel caravan with gifts	Camels carry gold and frankincense to Zion while proclaiming YHWH's praise, a caravan image that joins the commentary's camels, carried gift, and exalted name.
strong	tevrat	paralel	WLC:Isa.60.7	flocks on altar and glorified house	Flocks are accepted on God's altar and he glorifies his house; this makes herd animals reach the sanctuary for worship.
strong	tevrat	paralel	WLC:Isa.18.7	tribute carried to Name-place	A gift or tribute is brought to the place of the name of YHWH on Zion, giving a biblical destination for a carried offering.
strong	tevrat	paralel	WLC:Mal.1.14	male from flock and great Name	Malachi contrasts a vowed male animal withheld from sacrifice with YHWH's great name among nations, directly coupling flock, offering, and name.
strong	tevrat	paralel	WLC:Ps.116.17	sacrifice with invoked Name	The worshiper offers a thanksgiving sacrifice and calls on YHWH's name, an explicit analogue to sacrifice accompanied by divine naming.
strong	tevrat	paralel	WLC:Mal.1.11	pure offering to the Name	The prophetic vision of incense and a pure offering for YHWH's great name gives the name-and-offering conjunction developed in the commentary.
strong	tevrat	paralel	WLC:Exod.12.27	Passover sacrifice and protected houses	The Passover sacrifice belongs to YHWH who passed over Israelite houses; sacrifice, named worship, household, and protection meet in one rite.
strong	tevrat	paralel	WLC:Gen.24.61	bride on camels	Rebekah and her attendants mount camels and follow Abraham's servant, beginning a bridal journey with the animal explicitly named in the commentary.
strong	tevrat	paralel	WLC:Gen.24.67	bride brought into husband's dwelling	Isaac brings Rebekah into Sarah's tent and takes her as wife; the bridal journey ends in incorporation into the husband's household.
strong	tevrat	paralel	WLC:Gen.2.22	woman brought to man	God forms the woman and brings her to the man, a concise biblical scene of a bride being led to her husband.
strong	tevrat	paralel	WLC:Gen.29.23	bride delivered to husband	Laban brings Leah to Jacob at night; the same transfer scene appears here within a deceptive marriage narrative, which keeps the relation from being idealized.
strong	tevrat	paralel	WLC:Esth.2.16	woman taken to king's house	Esther is taken to the king in his royal palace, a courtly version of a woman being conveyed into a husband's household.
strong	tevrat	paralel	WLC:Ruth.4.10	acquiring a wife	Boaz says that he has acquired Ruth as wife; it is a biblical legal idiom in which marriage is expressed through acquisition, relevant to the commentary's imlāk image.
strong	tevrat	paralel	WLC:Ezek.16.8	marriage enacted by covenant	God covers Jerusalem, swears an oath, enters covenant, and says she became his; the prophetic marriage image makes covenant the act that establishes belonging.
strong	tevrat	paralel	WLC:Gen.24.53	bridal gifts	The servant gives Rebekah ornaments and gives precious things to her kin, a gift-bearing scene embedded in the transfer of a bride.
strong	tevrat	karsi_anlati	WLC:1Kgs.10.2	queen, camels, and Solomon	The Queen of Sheba herself comes to Solomon with a camel caravan and wealth, whereas the Qur'anic scene developed in the commentary has the queen send a gift before meeting him.
strong	tevrat	karsi_anlati	WLC:1Kgs.10.10	queen's gift to Solomon	The queen gives Solomon gold, spices, and precious stones; Kings narrates the transfer without Solomon's Qur'anic rebuff of the gift.
strong	tevrat	karsi_anlati	WLC:1Kgs.10.13	Solomon's return gift	Kings has Solomon give the queen all she desired in addition to royal gifts, making reciprocal exchange rather than rejection the outcome of the parallel royal encounter.
strong	tevrat	karsi_anlati	WLC:Mal.1.10	rejected cultic gift	God says he will not accept an offering from the speakers' hand; it supplies a different reason for an offered gift to fail to reach its intended acceptance.
strong	tevrat	motif	WLC:Deut.16.16	pilgrimage not empty-handed	At the three annual appearances before God, no one is to appear empty-handed; seasonal gathering, journey to the chosen place, and carried gift form one obligation.
strong	tevrat	motif	WLC:Deut.16.17	gift according to blessing	Each pilgrim gives according to the blessing YHWH has given, a concrete biblical joining of gift, pilgrimage, and received benefit.
strong	tevrat	motif	WLC:Lev.23.2	appointed seasons and assemblies	The mo'adim are YHWH's appointed times and holy convocations, a calendrical gathering marked out in a way comparable to the commentary's season-sign.
strong	tevrat	paralel	WLC:Exod.21.13	fugitive assigned a place	God appoints a place to which an accidental killer may flee, a foundational legal scene of flight toward secured space.
strong	tevrat	paralel	WLC:Num.35.11	cities for flight	Israel designates cities of refuge so that a manslayer may flee there; refuge is reached by travel to a named communal place.
strong	tevrat	paralel	WLC:Num.35.15	refuge includes resident aliens	The refuge cities are for Israelites, resident aliens, and sojourners, making protected arrival available across communal status.
strong	tevrat	paralel	WLC:Josh.20.4	admission and a place to dwell	A fugitive reaches the city gate, states his case to elders, is admitted, and receives a place to live among them; this is especially close to the commentary's seeker of protection.
strong	tevrat	paralel	WLC:Deut.23.16	fugitive slave not surrendered	The community may not hand an escaped slave back to his master, a direct rule against returning a person who has sought safety.
strong	tevrat	paralel	WLC:Deut.23.17	fugitive chooses a dwelling	The escaped slave may live among the community in the place he chooses and must not be oppressed; protection is completed by a chosen home.
strong	tevrat	paralel	WLC:Isa.16.3	shelter for outcasts	The appeal asks Judah to provide shade like night and hide the outcasts, a vivid shelter image for endangered arrivals.
strong	tevrat	paralel	WLC:Isa.16.4	Moabite outcasts may sojourn	The speaker asks that Moab's outcasts live with Judah and that Judah be a shelter from the destroyer, closely matching asylum in another community.
strong	tevrat	paralel	WLC:1Kgs.1.50	grasping altar for safety	Adonijah fears Solomon and takes hold of the altar's horns, using sacred space and its object as a claim to protection.
strong	tevrat	karsi_anlati	WLC:Exod.21.14	altar refuge has a legal limit	Exodus orders a presumptuous murderer taken even from God's altar; against the commentary's inviolable protected person, this marks the Torah's stated limit on sanctuary asylum.
strong	tevrat	paralel	WLC:Josh.9.15	peace covenant protects newcomers	Joshua makes peace with the Gibeonites, makes a covenant, and leaders swear to them; a community's word creates their protected status.
strong	tevrat	paralel	WLC:Josh.9.19	oath restrains violence	The leaders say the sworn oath prevents the congregation from striking the Gibeonites, showing the protective force of a covenantal promise.
strong	tevrat	motif	WLC:Gen.4.15	protective sign on a vulnerable person	God puts a sign on Cain so that no one who finds him will kill him; it is a marked person's inviolability, though not an asylum treaty.
strong	tevrat	motif	WLC:Exod.12.13	marked house protected from destruction	Blood serves as a sign on Israelite houses and causes the plague to pass over; a mark makes a dwelling and those inside it inviolable.
strong	tevrat	paralel	WLC:Zech.8.8	brought home under covenant	God brings scattered people to dwell in Jerusalem, and they become his people while he becomes their God in faithfulness; arrival and covenantal belonging are inseparable.
strong	tevrat	yorum_gelenegi	Genesis Rabbah 56:10	Akedah site as sanctuary	Midrash on the Akedah identifies Moriah with the later sanctuary, reading Abraham's sacrificial journey as oriented toward the place that becomes God's house.
strong	tevrat	yorum_gelenegi	Babylonian Talmud Pesahim 88a	Temple called a house	Pesahim contrasts Abraham's mountain and Isaac's field with Jacob's name for the future sanctuary as a house, sharpening the commentary's claim that sacred approach ends at a home.
strong	tevrat	yorum_gelenegi	Mishnah Hagigah 1:1	pilgrimage appearance offering	The Mishnah makes appearance at the pilgrimage festivals an obligation with an offering, preserving the gathered-season and carried-sacrifice pattern as law.
strong	tevrat	yorum_gelenegi	Mishnah Bikkurim 3:3	procession ascending Zion	The first-fruit towns assemble and ascend toward Zion in procession; it is a Jewish ritual realization of a marked gathering traveling with gifts to God's place.
strong	tevrat	yorum_gelenegi	Mishnah Bikkurim 3:4	baskets carrying gifts to priests	The Mishnah describes first fruits borne in baskets and handed to priests, a precise Jewish counterpart to the commentary's carried gift and its tray.
strong	tevrat	yorum_gelenegi	Mishnah Zevahim 14:8	Jerusalem as permanent sacrifice place	The Mishnah says that after Jerusalem was chosen, high places were forbidden permanently; it interprets sacrifice as bound to its final house.
strong	tevrat	yorum_gelenegi	Genesis Rabbah 18:1	God as Eve's bridal attendant	The midrash depicts God as acting as Adam's bridal attendant when he brings Eve to him, explicitly elaborating Genesis's bride-transfer scene.
strong	tevrat	yorum_gelenegi	Mishnah Qiddushin 1:1	marriage as acquisition	The Mishnah opens by saying that a woman is acquired in three ways; it gives a Jewish legal frame for the commentary's marriage language in the malik family.
strong	tevrat	yorum_gelenegi	Mishnah Makkot 2:6	sustaining residents of refuge	High priests' mothers supply food and clothing to accidental killers in refuge cities, treating arrival at refuge as an ongoing protected residence.
strong	tevrat	yorum_gelenegi	Mishnah Makkot 2:5	signposts to refuge	The Mishnah describes roads marked 'refuge, refuge' toward the cities of refuge; it makes the road itself visibly direct a fleeing person toward safety.
strong	incil	paralel	SBLGNT:Matt.2.9	guiding star reaches its goal	The star goes ahead of the magi until it stands over the place of the child, a guided journey that has a precise domestic destination.
strong	incil	paralel	SBLGNT:Matt.2.11	house, worship, and gifts	The magi enter a house, worship the child, and open their treasures; destination, reverence, and a carried gift converge without requiring the gift to be a sacrifice.
strong	incil	paralel	SBLGNT:Luke.2.22	bringing a child to Jerusalem	Mary and Joseph bring Jesus to Jerusalem to present him to the Lord, a New Testament movement of a person toward the holy place for cultic presentation.
strong	incil	paralel	SBLGNT:Luke.2.24	offering at presentation	The couple offers the prescribed birds at the Temple; this supplies the animal-offering side of the Jerusalem presentation scene.
strong	incil	paralel	SBLGNT:Matt.25.35	welcoming the stranger	Those judged righteous say they gathered in a stranger; the concrete act of receiving an outsider gives a Christian household analogue to the protected arrival.
strong	incil	paralel	SBLGNT:Luke.10.34	wounded traveler carried to shelter	The Samaritan puts the wounded man on his own animal, brings him to an inn, and cares for him, a notably close scene of transport into safety.
strong	incil	paralel	SBLGNT:John.14.2	Father's house with prepared rooms	Jesus describes his Father's house as having many dwelling places, giving the prayer for guidance an explicitly eschatological house as destination.
strong	incil	paralel	SBLGNT:John.14.3	taking followers to himself	Jesus promises to come again and take his followers to himself so that they may be where he is, turning destination into belonging with a person.
strong	incil	paralel	SBLGNT:John.14.6	the way to the Father	Jesus calls himself the way to the Father; the Christian text personalizes the path whose end is the Father's house in the same discourse.
strong	incil	paralel	SBLGNT:2Cor.11.2	betrothed and presented to one husband	Paul says he betrothed the community to one husband in order to present it as a pure virgin to Christ, directly recasting bride-transfer in ecclesial terms.
strong	incil	paralel	SBLGNT:Eph.2.12	strangers to covenants	Ephesians names Gentiles as aliens from Israel and strangers to the covenants; it gives the exclusion from which the commentary's asylum-and-covenant image moves.
strong	incil	paralel	SBLGNT:Eph.2.19	strangers become God's household	Those once strangers and aliens become fellow citizens and members of God's household, an unusually direct Christian counterpart to secure communal belonging.
strong	incil	paralel	SBLGNT:Eph.5.27	bride presented to Christ	Christ presents the church to himself in splendor; the marital image supplies the end-point of a bride brought to her husband.
strong	incil	motif	SBLGNT:Rom.12.1	living sacrifice as worship	Believers present their bodies as a living sacrifice, which Paul calls worship; it explicitly joins sacrifice with the service dimension the commentary draws from عبادت.
strong	incil	motif	SBLGNT:Phil.2.9	exalted Name after obedience	God highly exalts Jesus and grants the name above every name after the obedient self-giving of the preceding verse, a close Christian analogue to raised name and obedient service.
strong	incil	motif	SBLGNT:Phil.4.18	gift called an acceptable sacrifice	Paul calls the Philippians' material gift a fragrant, acceptable sacrifice pleasing to God, combining an affectional gift with sacrificial language.
strong	incil	paralel	SBLGNT:Heb.10.19	entry into holy place through sacrifice	Believers have confidence to enter the holy places by Jesus' blood; sacrifice here grants access to the sacred destination.
strong	incil	paralel	SBLGNT:Heb.10.20	new and living way	The access of the preceding verse is described as a new and living way, explicitly making sacrificial approach a path.
strong	incil	paralel	SBLGNT:Heb.13.15	sacrifice of praise and confession of Name	Through Jesus believers offer continual praise to God, identified as lips confessing his name; name and sacrifice are made verbal rather than animal.
strong	incil	paralel	SBLGNT:1Pet.2.5	spiritual house and sacrifices	Believers are built into a spiritual house and holy priesthood to offer spiritual sacrifices, fusing house, communal belonging, and worship.
strong	incil	motif	SBLGNT:Rev.7.17	Lamb becomes the guide	Revelation's Lamb shepherds and guides people to springs of living water; it reverses the commentary's guided sacrificial animal into an animal figure that guides others.
strong	incil	paralel	SBLGNT:Rev.19.7	bride prepared for Lamb	The marriage of the Lamb comes and his bride has made herself ready, a final wedding scene that gives the bridal route an eschatological destination.
strong	incil	paralel	SBLGNT:Rev.21.2	bride prepared for her husband	New Jerusalem descends prepared as a bride adorned for her husband; city-home and bride are deliberately merged in one arrival image.
strong	incil	paralel	SBLGNT:Rev.21.3	God's dwelling with humanity	The divine dwelling is among human beings and they are God's people, providing the final communal home sought in the commentary's road image.
strong	incil	motif	SBLGNT:Rev.21.26	glory and honor brought into the city	The glory and honor of nations are brought into New Jerusalem, an eschatological analogue to gifts conveyed into the sacred home.
strong	incil	motif	SBLGNT:Rev.3.12	temple, permanent belonging, and Name	The victor becomes a permanent pillar in God's temple and bears God's name and the name of the new Jerusalem, combining inviolability, house, and name.
strong	incil	yorum_gelenegi	Didache 14:1	gathered assembly and pure sacrifice	The Didache directs the community to gather, give thanks, and make its sacrifice pure; it is an early Christian liturgical continuation of gathered worship and offering.
strong	incil	yorum_gelenegi	Justin Martyr, Dialogue with Trypho 117	Malachi's offering read eucharistically	Justin identifies Malachi's pure offering with Christian Eucharistic bread and cup, changing the prophetic name-and-offering text into a communal Christian rite.
medium	tevrat	soydas	WLC:Exod.3.12	Arabic ع ب د and Hebrew עבד	The commentary's ع ب د label and Hebrew עבד are cognate service terms; Exodus has Israel serve God on the mountain after deliverance, without importing the commentary's camel sense into Hebrew.
medium	tevrat	soydas	WLC:Josh.24.15	household service in עבד	Joshua's 'my house will serve YHWH' uses Hebrew עבד, cognate with the commentary's عبادت family, and locates worshipful service within a household declaration.
medium	tevrat	soydas	WLC:Isa.2.3	Arabic Bayt and Hebrew bêt	The commentary's explicit Beyt or house image corresponds formally to Hebrew bêt in 'house of the God of Jacob'; the verse's actual context supplies ascent and taught paths, not a lexical claim alone.
medium	tevrat	soydas	WLC:Deut.12.11	Arabic ism and Hebrew shem	Arabic ism in بِسْمِ and Hebrew shem are cognate name terms; Deuteronomy uses shem for the divine name dwelling where offerings are brought, while the commentary's listed س م و label is not being treated as proof.
medium	tevrat	soydas	WLC:Esth.2.16	Arabic م ل ك and Hebrew מלך	Hebrew melek, cognate with the source's مٰلِك family, means king here; Esther's actual transfer to the king's palace gives a concrete royal-marital setting without equating the two traditions' marriage vocabulary.
medium	tevrat	motif	WLC:Gen.1.14	signs and appointed seasons	The lights serve for signs and appointed seasons; this is a specific biblical pairing for the commentary's marked season, though it is cosmic rather than pilgrimage law.
medium	tevrat	motif	WLC:Num.2.2	banners, signs, and ancestral houses	Israel camps by standards and signs of ancestral houses around the Tent; marked communal gathering around a dwelling gives a concrete analogue to the season-as-sign image.
medium	tevrat	paralel	WLC:Num.10.33	ark seeks a resting place	The ark goes before Israel to seek out a resting place, a covenantal guide moving the people toward a place where they may settle.
medium	tevrat	paralel	WLC:Jer.31.9	straight path for returning people	God leads the returning people by streams on a straight path where they will not stumble; it gives a prophetic form of safe guidance, though the verse names no house.
medium	tevrat	paralel	WLC:Ruth.2.12	foreigner taking refuge	Boaz says Ruth has come to seek refuge under YHWH's wings after leaving her own people; it is a personal migration into protected covenantal belonging.
medium	tevrat	yorum_gelenegi	Targum Ruth 2:12	refuge under the Shekinah	The Targum renders Ruth's refuge as taking shelter under the wings of the Shekinah, making her foreign arrival an explicitly Jewish covenantal shelter image.
medium	tevrat	paralel	WLC:1Sam.25.18	gift carried to avert conflict	Abigail loads food gifts onto donkeys and takes them to David during a dangerous encounter; it is a carried gift aimed at a potentially hostile recipient.
medium	tevrat	motif	WLC:1Sam.25.27	gift named a blessing	Abigail calls the gift she has brought David a blessing, supplying a biblical way in which a conveyed present is spoken of as benefit.
medium	tevrat	motif	WLC:Gen.33.11	gift named a blessing	Jacob asks Esau to accept his blessing, meaning the present sent ahead; a gift between estranged kin is thus expressed through blessing language.
medium	tevrat	paralel	WLC:Prov.18.16	gift opens access to the great	A person's gift makes room for him and brings him before great people, a concise wisdom-text account of a gift as mediated access to a recipient.
medium	incil	motif	SBLGNT:Matt.5.23	gift at altar and reconciled relation	Jesus' altar saying makes the acceptability of a gift depend on repairing a broken relation first, a relevant contrast to the commentary's distinction between gift to friend and to rival.
medium	incil	paralel	SBLGNT:Matt.25.10	wedding entry with bridegroom	The prepared virgins go with the bridegroom into the wedding feast and the door is shut, portraying a completed movement into a wedding household.
medium	incil	motif	SBLGNT:John.10.3	shepherd calls by name and leads sheep	The shepherd calls his own sheep by name and leads them out; animal, name, and guidance are joined, though the sheep are not sacrificial offerings.
medium	incil	motif	SBLGNT:John.10.9	door, safety, and pasture	Whoever enters through Jesus is saved and finds pasture; the doorway turns guidance into safety and sustenance rather than a Temple destination.
medium	incil	motif	SBLGNT:Luke.1.79	guiding feet into peace	Zacharias says God's dawn will guide feet into the way of peace, a focused New Testament articulation of the prayer for guidance without the house image.
medium	incil	motif	SBLGNT:Luke.15.6	lost sheep brought home	The shepherd comes home with the recovered sheep and calls friends and neighbors to rejoice; return, animal, home, and friendship meet in the parable.
medium	incil	paralel	SBLGNT:Heb.11.16	country desired and city prepared	The faithful seek a better, heavenly country, and God has prepared a city for them; pilgrimage toward a divinely prepared home is explicit.
medium	incil	paralel	SBLGNT:Heb.12.22	arrival at heavenly Zion	Believers have come to Mount Zion and the city of the living God, expressing the destination as an already approached heavenly sanctuary.
medium	incil	paralel	SBLGNT:Heb.13.14	seeking the city to come	Christians have no lasting city here but seek the city that is coming, a compact formulation of road-like yearning for final belonging.
medium	incil	motif	SBLGNT:1Cor.5.7	Christ as Passover sacrifice	Paul calls Christ the sacrificed Passover; read beside Exodus 12, it recasts the household-protecting sacrificial pattern through Christ rather than a Temple-bound animal.
medium	incil	motif	SBLGNT:John.12.3	costly gift in a house	Mary pours costly perfume on Jesus in a house, a concrete gift of devotion whose domestic setting and beloved recipient recall the commentary's gift image.
medium	incil	yorum_gelenegi	Augustine, Tractates on the Gospel of John 67.2	many dwellings in the Father's house	Augustine reads John 14's many dwellings as the differing places of blessedness in God's one house, making the destination more than a passing lodging.
strong	tevrat	paralel	WLC:Gen.28.17	house of God and gate of heaven	Jacob calls Bethel the house of God and the gate of heaven; it gives the commentary's final home a threshold where earthly travel meets divine presence.
strong	tevrat	paralel	WLC:Gen.28.20	guarded way	Jacob's vow asks God to be with him and guard him on the way he travels, a direct individual counterpart to a request for guidance with protection.
strong	tevrat	paralel	WLC:Gen.28.21	return in peace to father's house	Jacob seeks to return safely to his father's house; the goal of the guarded road is explicitly a home and restored belonging.
strong	tevrat	paralel	WLC:Gen.28.22	house and tithe	The Bethel stone is to become God's house, and Jacob vows a tithe from what God gives him; sacred dwelling and conveyed gift are conjoined.
strong	tevrat	paralel	WLC:Gen.35.1	go to Bethel, dwell, and build altar	God tells Jacob to arise, go to Bethel, dwell there, and make an altar; route, settlement, and sacrificial worship are inseparable instructions.
strong	tevrat	paralel	WLC:Gen.35.3	God present on the way	Jacob says God answered him in distress and was with him on the way, then calls his household to go build an altar at Bethel.
strong	tevrat	paralel	WLC:Gen.35.7	altar at House of God	Jacob builds an altar at Bethel and names the place El-Bethel, making arrival at God's house culminate in sacrificial action.
strong	tevrat	paralel	WLC:Exod.13.21	pillar leading the way	YHWH goes before Israel in cloud and fire to lead them on the way, an explicit wilderness model for divine direction.
strong	tevrat	paralel	WLC:Exod.15.17	brought and planted at sanctuary	Following the holy-dwelling line, the song says God will bring and plant his people at the mountain of his inheritance, the place made for his dwelling and sanctuary.
strong	tevrat	paralel	WLC:Exod.19.4	carried and brought to God	God says he bore Israel on eagles' wings and brought them to himself; divine conveyance creates the covenantal nearness sought in the commentary.
strong	tevrat	paralel	WLC:Exod.20.24	altar, offerings, Name, and blessing	God permits an altar for animal offerings and promises to come and bless wherever he causes his name to be remembered; this directly joins sacrifice, name, and divine approach.
strong	tevrat	paralel	WLC:Exod.34.24	pilgrimage protected from dispossession	God promises that no one will covet Israel's land while its males go up for the three pilgrimage festivals; travel to worship is placed under explicit protection.
strong	tevrat	paralel	WLC:Exod.34.26	first fruits brought to God's house	The first of the land's produce must be brought into the house of YHWH, a compact Torah model for a gift physically conveyed to the sacred home.
strong	tevrat	paralel	WLC:Lev.1.3	herd offering at Tent entrance	A voluntary herd burnt offering is brought to the entrance of the Tent of Meeting for acceptance before YHWH, giving a more formal sacrificial arrival scene.
strong	tevrat	paralel	WLC:Deut.12.5	seeking the place of the Name	Israel is commanded to seek the place YHWH chooses for his name and dwelling; the verb of seeking makes pilgrimage toward the house explicit.
strong	tevrat	paralel	WLC:Deut.14.24	journey too long to carry the gift	Deuteronomy considers the practical case in which the chosen place is too far for someone to carry the tithe, a precise biblical reflection on a religious gift in transit.
strong	tevrat	paralel	WLC:Deut.15.20	firstborn herd eaten before God	Firstborn animals from herd and flock are eaten before YHWH year by year at the chosen place, combining animal, pilgrimage, and household celebration.
strong	tevrat	paralel	WLC:Deut.16.11	inclusive rejoicing at the Name-place	The household rejoices at the place where YHWH causes his name to dwell together with Levite, resident alien, orphan, and widow; seasonal gathering includes vulnerable outsiders.
strong	tevrat	paralel	WLC:Deut.26.2	basket of first fruits to chosen place	The worshiper takes first fruits in a basket and goes to the place YHWH chooses for his name; this is unusually close to the commentary's tray-borne gift.
strong	tevrat	paralel	WLC:Deut.26.10	gift set before God and worshiped	The first fruits are brought and set before YHWH, followed by worship; gift delivery becomes an act of devotion at the sacred destination.
strong	tevrat	paralel	WLC:Deut.30.4	gathering the farthest outcasts	God promises to gather Israel even from the ends of heaven, a return movement for people who are dispersed and outside their secure place.
strong	tevrat	paralel	WLC:Deut.30.5	return to inherited land	God brings the gathered people back into the land of their ancestors and makes them possess it, making return culminate in a home and inheritance.
strong	tevrat	paralel	WLC:Josh.6.25	Rahab received into Israel	Rahab and her family are spared and she dwells in Israel because of the oath-bound protection she gave the spies; asylum, covenant, and communal incorporation coincide.
strong	tevrat	paralel	WLC:1Kgs.8.41	foreigner comes from afar for the Name	Solomon imagines a foreigner hearing of YHWH's great name and coming from a distant country, a pilgrimage of an outsider toward the named house.
strong	tevrat	paralel	WLC:1Kgs.8.43	foreign prayer toward the house	God is asked to hear the foreigner who prays toward the Temple so all peoples know his name; house, name, and outsider access are explicitly related.
strong	tevrat	paralel	WLC:1Chr.16.29	glory to Name with offering	The congregation is told to ascribe glory to YHWH's name, bring an offering, and come before him; elevated name and conveyed offering share one command.
strong	tevrat	paralel	WLC:1Chr.22.1	house and altar of burnt offering	David identifies the future site as both God's house and the altar of burnt offering for Israel, an exact house-and-sacrifice formulation.
strong	tevrat	paralel	WLC:2Chr.6.6	Jerusalem chosen for the Name	God's choice of Jerusalem for his name makes the temple city a named destination, supplementing the commentary's stress on a house reached through worship.
strong	tevrat	paralel	WLC:Ezra.8.21	right way for people and possessions	Ezra proclaims a fast to seek from God a right way for the returning people, their children, and their property, a concrete prayer for safeguarded travel.
strong	tevrat	paralel	WLC:Ezra.8.31	divine hand protects the journey	God's hand delivers the returning caravan from enemy and ambush on the way, giving the safe-route element a historical narrative form.
strong	tevrat	paralel	WLC:Ezra.8.33	treasure reaches God's house	The transported silver, gold, and vessels are weighed in the house of God at Jerusalem; a carried offering demonstrably reaches its sacred recipient.
strong	tevrat	paralel	WLC:Job.31.32	doors opened to the traveler	Job says no stranger had to lodge in the street because he opened his doors to the traveler, a domestic counterpart to sheltering the one who arrives.
strong	tevrat	paralel	WLC:Isa.58.7	homeless poor brought into one's house	Isaiah defines righteous care in part as bringing the homeless poor into one's house, an exact home-making act for a vulnerable outsider.
strong	tevrat	paralel	WLC:Ezek.20.40	offerings on God's holy mountain	On God's holy mountain Israel will serve him and bring offerings, first fruits, and holy gifts; destination, service, and conveyed gift all appear in one verse.
strong	tevrat	paralel	WLC:Ezek.37.26	covenant of peace with sanctuary	God makes an everlasting covenant of peace, multiplies the people, and sets his sanctuary among them; covenant becomes enduring protected proximity.
strong	tevrat	paralel	WLC:Ezek.37.27	dwelling and mutual belonging	God's dwelling is with the people, and he is their God while they are his people; the final home is reciprocal belonging.
strong	tevrat	paralel	WLC:Ezek.47.22	alien receives tribal inheritance	Resident aliens who live among Israel and have children there receive inheritance among the tribes; protection reaches the level of a permanent home.
strong	tevrat	paralel	WLC:Zech.9.12	prisoners return to stronghold	The prophet calls prisoners of hope to return to their stronghold, a compact return-to-safety image for threatened people.
strong	tevrat	paralel	WLC:Gen.4.4	firstborn flock gift accepted	Abel brings firstborn animals from his flock and their fat portions, and YHWH regards him and his offering; animal gift and acceptance are explicit.
strong	tevrat	karsi_anlati	WLC:Gen.4.5	offering not regarded	Cain's offering is not regarded, providing another scriptural instance in which the relation between giver and recipient, rather than conveyance alone, determines an offering's reception.
strong	tevrat	karsi_anlati	WLC:1Sam.15.22	obedience set above sacrifice	Samuel says obedience and listening are better than sacrifice and rams' fat; this directly challenges any reading in which the guided animal itself exhausts worship.
strong	tevrat	karsi_anlati	WLC:Amos.5.22	rejected offerings at a hated festival	God says he will not accept offerings or regard peace offerings in a prophetic critique of cult; it counterbalances the commentary's festival sacrifice with the ethical conditions of acceptance.
strong	tevrat	paralel	WLC:Ps.96.8	Name, offering, and courts	The worshiper is told to ascribe glory to YHWH's name, bring an offering, and come into his courts, a close formulaic counterpart to the commentary's named animal and house.
strong	tevrat	paralel	WLC:Song.1.4	king brings beloved into chambers	The speaker says the king has brought her into his chambers, a concise bridal arrival image in which the groom's dwelling is the destination.
strong	tevrat	karsi_anlati	WLC:Song.8.2	lover led into mother's house	The woman says she would lead her beloved into her mother's house; its reversed direction and household make it a useful contrary bride-and-home image.
strong	tevrat	paralel	WLC:Mal.2.14	wife of covenant	Malachi calls the wife a partner and wife of covenant, giving a concise biblical equation of marriage with a binding protective relationship.
strong	tevrat	paralel	WLC:Gen.24.35	blessing expressed in herds and camels	Abraham's blessing is narrated as flocks, herds, wealth, servants, camels, and donkeys; it illuminates the commentary's association of received benefit with herd animals and the bridal camel journey.
strong	tevrat	paralel	WLC:Gen.32.14	present prepared for estranged brother	Jacob selects a gift for Esau before their feared meeting, an actual gift sent ahead to repair a dangerous relationship.
strong	tevrat	paralel	WLC:Gen.43.11	gifts carried to a powerful unknown recipient	Jacob sends his sons with choice products as a present to the Egyptian ruler, a carried gift aimed at a recipient whose disposition is uncertain.
strong	tevrat	motif	WLC:Num.6.27	Name placed for blessing	God says the priests place his name on Israel and he blesses them; the name functions as a bearer of benefit rather than merely an utterance over an animal.
strong	tevrat	paralel	WLC:Deut.6.13	service, fear, and Name-oath	Israel is to fear and serve YHWH and swear by his name; Hebrew עבד supplies a cognate service context alongside the commentary's name-and-worship connection.
strong	tevrat	paralel	Tobit 13:11	nations bring gifts to God's Name	Tobit's hymn foresees nations coming from afar with gifts in hand for the heavenly king because of the Lord's name, combining pilgrimage, gift, and exalted name.
strong	incil	paralel	SBLGNT:Matt.2.13	fleeing with child and mother	An angel directs Joseph to take the child and mother and flee to Egypt from lethal danger, a New Testament journey of protected asylum.
strong	incil	paralel	SBLGNT:Matt.2.14	family carried into refuge	Joseph takes the child and mother by night and withdraws to Egypt, giving the refugee movement itself its own narrative verse.
strong	incil	paralel	SBLGNT:Matt.2.20	guided return when danger passes	The angel tells Joseph to take the child and mother back to Israel because the threat has died; refuge ends in a guided return home.
strong	incil	paralel	SBLGNT:Matt.25.1	going out to meet the bridegroom	The virgins take lamps and go out to meet the bridegroom, supplying the journey-to-wedding aspect whose arrival is described later in the parable.
strong	incil	paralel	SBLGNT:John.3.29	bride, bridegroom, and rejoicing friend	John calls the bride the bridegroom's and identifies the listening friend who rejoices at his voice; bride, husband, and friend are explicitly differentiated.
strong	incil	paralel	SBLGNT:John.17.12	kept in the Father's Name	Jesus says he guarded his followers in the Father's name and none was lost except the designated exception; the name is presented as protective custody.
strong	incil	paralel	SBLGNT:Acts.11.29	relief gift for a distant community	The disciples determine to send relief to the brothers living in Judea, an actual communal gift conveyed to people in need.
strong	incil	paralel	SBLGNT:Acts.11.30	relief sent by named carriers	The relief is sent to the elders through Barnabas and Saul, preserving the physical mediation of a gift's journey to its recipients.
strong	incil	paralel	SBLGNT:Acts.24.17	alms and offerings brought after travel	Paul says that after years away he came to bring alms for his nation and offerings, directly joining travel, gift, and cultic act.
strong	incil	paralel	SBLGNT:Rom.15.26	contribution delivered to Jerusalem	Macedonia and Achaia make a contribution for poor saints in Jerusalem, a Christian gift carried toward a named communal home.
strong	incil	paralel	SBLGNT:Heb.6.18	fleeing for refuge	The author speaks of people who have fled for refuge to hold fast hope; an asylum image is used directly, even though its meaning is theological.
strong	incil	paralel	SBLGNT:Heb.6.19	hope enters the inner sanctuary	Hope enters the inner place behind the curtain, carrying the refuge image into access to God's sanctuary rather than a secular shelter.
strong	incil	paralel	SBLGNT:3John.1.5	hospitality to strangers	The author praises faithful service to brothers who are strangers, a concrete Christian mandate to receive travelling outsiders.
strong	incil	paralel	SBLGNT:3John.1.7	travel undertaken for the Name	The travelling brothers go out for the sake of the Name while taking nothing from outsiders, relating hospitality to named religious mission.
strong	incil	motif	SBLGNT:Rev.7.3	forehead seal suspends harm	Angels are told not to harm land or sea until God's servants are sealed on their foreheads; a visible divine mark creates temporary inviolability.
strong	incil	motif	SBLGNT:Rev.9.4	only the unsealed may be harmed	The destructive creatures may harm only those lacking God's seal on their foreheads, continuing the marked-protection pattern with an explicit exclusion.
strong	incil	motif	SBLGNT:Rev.14.1	Name on foreheads at Zion	The Lamb stands on Mount Zion with people bearing his and his Father's name on their foreheads, binding Name, mark, and sacred destination.
strong	incil	paralel	SBLGNT:Rev.19.9	invited to the Lamb's marriage supper	The blessed are invited to the marriage supper of the Lamb, giving the bridal arrival a communal table and final welcome.
strong	incil	motif	SBLGNT:Rev.22.3	servants worship in the final city	In the renewed city God's servants worship him; permanent dwelling and service meet after the removal of the curse.
strong	incil	motif	SBLGNT:Rev.22.4	Name borne by final servants	The servants see God's face and bear his name on their foreheads, completing the New Testament line of name as identity and protection.
strong	incil	paralel	SBLGNT:Acts.28.2	shipwrecked strangers shown kindness	After shipwreck, the islanders show unusual kindness and kindle a fire for all the survivors, a narrative of emergency welcome.
strong	incil	paralel	SBLGNT:Acts.28.7	shipwrecked travelers received into a house	Publius receives Paul and the shipwrecked party and entertains them for three days, an explicit house-based shelter for travellers.
medium	tevrat	yorum_gelenegi	Mekhilta de-Rabbi Ishmael, Shirata 9	holy dwelling interpreted as sanctuary	This Mekhilta discussion is commonly cited as reading Exodus 15's holy dwelling and sanctuary in Temple terms; the exact wording and subdivision should be verified, but its interpretive bridge is sacrifice's destination as God's house.
medium	tevrat	yorum_gelenegi	Philo, Special Laws 1.69-70	pilgrims form a common sacred homeland	Philo describes festival pilgrims leaving their local places for the Temple and recovering a common kinship there; the cited section should be checked, but it is a specific Hellenistic-Jewish expansion of travel into sacred home.
medium	tevrat	paralel	Baruch 5:9	God leads the restored people with joy	Baruch says God will lead Israel in joy by the light of his glory with mercy and righteousness; its restoration context supplies a later Jewish guided-homecoming image.
medium	incil	paralel	SBLGNT:Luke.15.5	lost sheep carried on shoulders	After finding the sheep, the shepherd puts it on his shoulders rejoicing; this is the carrying action that culminates in the homecoming already represented by the next verse.
medium	incil	paralel	SBLGNT:Acts.16.34	prisoners welcomed into the jailer's house	The jailer brings Paul and Silas into his house and sets food before them after their release, converting a scene of custody and fear into domestic welcome.
medium	incil	paralel	SBLGNT:Phlm.1.17	receive a contested person as oneself	Paul asks Philemon to receive Onesimus as he would receive Paul; without assuming Onesimus's legal status, the verse makes personal welcome the requested resolution.
medium	incil	paralel	SBLGNT:Heb.9.15	sacrifice mediates covenantal inheritance	Christ's death mediates a new covenant so those called may receive the promised eternal inheritance, relating sacrifice to secure belonging rather than an animal's arrival.
