D01	W0_dictionary.md
D02	W0_dictionary.md
D03	W0_dictionary.md
R01.U	W1_branches_1.md
R01.B001	W1_branches_1.md
R01.B002	W1_branches_1.md
R01.B003	W1_branches_1.md
R01.B004	W1_branches_1.md
R01.B005	W1_branches_1.md
R01.B006	W1_branches_1.md
R01.B007	W1_branches_1.md
R01.B008	W1_branches_1.md
R01.B009	W1_branches_1.md
R01.B010	W1_branches_1.md
R01.B011	W1_branches_1.md
R01.B012	W1_branches_1.md
R02.U	W1_branches_2.md
R02.B001	W1_branches_2.md
R02.B002	W1_branches_2.md
R02.B003	W1_branches_2.md
R02.B004	W1_branches_2.md
R02.B005	W1_branches_2.md
R02.B006	W1_branches_2.md
R03.U	W1_branches_3.md
R03.B001	W1_branches_3.md
R03.B002	W1_branches_3.md
R03.B003	W1_branches_3.md
R03.B004	W1_branches_3.md
R03.B005	W1_branches_3.md
R03.B006	W1_branches_3.md
H01	W2_hft.md
H02	W2_hft.md
H03	W2_hft.md
H04	W2_hft.md
H05	W2_hft.md
H06	W2_hft.md
H07	W2_hft.md
H08	W2_hft.md
H09	W2_hft.md
H10	W2_hft.md
H11	W2_hft.md
H12	W2_hft.md
H13	W2_hft.md
H14	W2_hft.md
H15	W2_hft.md
H16	W2_hft.md
L01	W2_hft.md
L02	W2_hft.md
L03	W2_hft.md
L04	W2_hft.md
G001	W3_global_1.md
G002	W3_global_1.md
G003	W3_global_1.md
G004	W3_global_1.md
G005	W3_global_1.md
G006	W3_global_1.md
G007	W3_global_1.md
G008	W3_global_1.md
G009	W3_global_1.md
G010	W3_global_1.md
G011	W3_global_1.md
G012	W3_global_1.md
G013	W3_global_1.md
G014	W3_global_1.md
G015	W3_global_1.md
G016	W3_global_1.md
G017	W3_global_1.md
G018	W3_global_1.md
G019	W3_global_1.md
G020	W3_global_1.md
G021	W3_global_1.md
G022	W3_global_1.md
G023	W3_global_1.md
G024	W3_global_1.md
G025	W3_global_1.md
G026	W3_global_1.md
G027	W3_global_1.md
G028	W3_global_1.md
G029	W3_global_1.md
G030	W3_global_1.md
G031	W3_global_1.md
G032	W3_global_1.md
G033	W3_global_1.md
G034	W3_global_1.md
G035	W3_global_1.md
G036	W3_global_1.md
G037	W3_global_1.md
G038	W3_global_1.md
G039	W3_global_1.md
G040	W3_global_1.md
G041	W3_global_1.md
G042	W3_global_1.md
G043	W3_global_1.md
G044	W3_global_1.md
G045	W3_global_1.md
G046	W3_global_1.md
G047	W3_global_1.md
G048	W3_global_1.md
G049	W3_global_1.md
G050	W3_global_1.md
G051	W3_global_1.md
G052	W3_global_1.md
G053	W3_global_1.md
G054	W3_global_1.md
G055	W3_global_1.md
G056	W3_global_1.md
G057	W3_global_1.md
G058	W3_global_1.md
G059	W3_global_1.md
G060	W3_global_1.md
G061	W3_global_1.md
G062	W3_global_1.md
G063	W3_global_1.md
G064	W3_global_1.md
G065	W3_global_1.md
G066	W3_global_1.md
G067	W3_global_1.md
G068	W3_global_1.md
G069	W3_global_1.md
G070	W3_global_1.md
G071	W3_global_1.md
G072	W3_global_1.md
G073	W3_global_1.md
G074	W3_global_1.md
G075	W3_global_1.md
G076	W3_global_1.md
G077	W3_global_1.md
G078	W3_global_1.md
G079	W3_global_1.md
G080	W3_global_1.md
G081	W3_global_1.md
G082	W3_global_1.md
G083	W3_global_1.md
G084	W3_global_1.md
G085	W3_global_1.md
G086	W3_global_1.md
G087	W3_global_1.md
G088	W3_global_1.md
G089	W3_global_2.md
G090	W3_global_2.md
G091	W3_global_2.md
G092	W3_global_2.md
G093	W3_global_2.md
G094	W3_global_2.md
G095	W3_global_2.md
G096	W3_global_2.md
G097	W3_global_2.md
G098	W3_global_2.md
G099	W3_global_2.md
G100	W3_global_2.md
G101	W3_global_2.md
G102	W3_global_2.md
G103	W3_global_2.md
G104	W3_global_2.md
G105	W3_global_2.md
G106	W3_global_2.md
G107	W3_global_2.md
G108	W3_global_2.md
G109	W3_global_2.md
G110	W3_global_2.md
G111	W3_global_2.md
G112	W3_global_2.md
G113	W3_global_2.md
G114	W3_global_2.md
G115	W3_global_2.md
G116	W3_global_2.md
G117	W3_global_2.md
G118	W3_global_2.md
G119	W3_global_2.md
G120	W3_global_2.md
G121	W3_global_2.md
G122	W3_global_2.md
G123	W3_global_2.md
G124	W3_global_2.md
G125	W3_global_2.md
G126	W3_global_2.md
G127	W3_global_2.md
G128	W3_global_2.md
G129	W3_global_2.md
G130	W3_global_2.md
G131	W3_global_2.md
G132	W3_global_2.md
G133	W3_global_2.md
G134	W3_global_2.md
G135	W3_global_2.md
G136	W3_global_2.md
G137	W3_global_2.md
G138	W3_global_2.md
G139	W3_global_2.md
G140	W3_global_2.md
G141	W3_global_2.md
G142	W3_global_2.md
G143	W3_global_2.md
G144	W3_global_2.md
G145	W3_global_2.md
G146	W3_global_2.md
G147	W3_global_3.md
G148	W3_global_3.md
G149	W3_global_3.md
G150	W3_global_3.md
G151	W3_global_3.md
G152	W3_global_3.md
G153	W3_global_3.md
G154	W3_global_3.md
G155	W3_global_3.md
G156	W3_global_3.md
G157	W3_global_3.md
G158	W3_global_3.md
G159	W3_global_3.md
G160	W3_global_3.md
G161	W3_global_3.md
G162	W3_global_3.md
G163	W3_global_3.md
G164	W3_global_3.md
G165	W3_global_3.md
G166	W3_global_3.md
G167	W3_global_3.md
G168	W3_global_3.md
G169	W3_global_3.md
G170	W3_global_3.md
G171	W3_global_3.md
G172	W3_global_3.md
G173	W3_global_3.md
G174	W3_global_3.md
G175	W3_global_3.md
G176	W3_global_3.md
G177	W3_global_3.md
G178	W3_global_3.md
G179	W3_global_3.md
G180	W3_global_3.md
G181	W3_global_3.md
G182	W3_global_3.md
G183	W3_global_3.md
G184	W3_global_3.md
G185	W3_global_3.md
G186	W3_global_3.md
G187	W3_global_3.md
G188	W3_global_3.md
G189	W3_global_3.md
G190	W3_global_3.md
G191	W3_global_3.md
G192	W3_global_3.md
G193	W3_global_3.md
G194	W3_global_3.md
G195	W3_global_3.md
G196	W3_global_3.md
G197	W3_global_3.md
G198	W3_global_3.md
G199	W3_global_3.md
G200	W3_global_3.md
G201	W3_global_3.md
G202	W3_global_3.md
G203	W3_global_3.md
G204	W3_global_3.md
G205	W3_global_3.md
G206	W3_global_3.md
G207	W3_global_3.md
G208	W3_global_3.md
G209	W3_global_3.md
G210	W3_global_3.md
G211	W3_global_3.md
G212	W3_global_3.md
G213	W3_global_3.md
G214	W3_global_3.md
G215	W3_global_3.md
G216	W3_global_3.md
G217	W3_global_3.md
G218	W3_global_3.md
G219	W3_global_3.md
G220	W3_global_3.md
G221	W3_global_3.md
G222	W3_global_3.md
G223	W3_global_3.md
G224	W3_global_3.md
G225	W3_global_3.md
G226	W3_global_3.md
G227	W3_global_3.md
G228	W3_global_3.md
